Date,Rolling_Volatility_20D
2020-01-03,
2020-01-06,
2020-01-07,
2020-01-08,
2020-01-09,
2020-01-10,
2020-01-13,
2020-01-14,
2020-01-15,
2020-01-16,
2020-01-17,
2020-01-21,
2020-01-22,
2020-01-23,
2020-01-24,
2020-01-27,
2020-01-28,
2020-01-29,
2020-01-30,
2020-01-31,0.010064200907456787
2020-02-03,0.01119733924606751
2020-02-04,0.012339845526055798
2020-02-05,0.012506006685776554
2020-02-06,0.012428852832104773
2020-02-07,0.012475542903786175
2020-02-10,0.012644420968212406
2020-02-11,0.012261906052581418
2020-02-12,0.012307096700626685
2020-02-13,0.012245400484043486
2020-02-14,0.01223221355618013
2020-02-18,0.012296071333501633
2020-02-19,0.012700289085598934
2020-02-20,0.013185155014036921
2020-02-21,0.014225551345217422
2020-02-24,0.018775672198758184
2020-02-25,0.019672262479898183
2020-02-26,0.019340727828124554
2020-02-27,0.02364506818275294
2020-02-28,0.02368640477621965
2020-03-02,0.02668286612621088
2020-03-03,0.027145649593941373
2020-03-04,0.02803691062603556
2020-03-05,0.0290263559780745
2020-03-06,0.029253404671953958
2020-03-09,0.034491928163183944
2020-03-10,0.03701036051600395
2020-03-11,0.03756144485485191
2020-03-12,0.042578765374020694
2020-03-13,0.04812246021487755
2020-03-16,0.056884194176058514
2020-03-17,0.058814690755453654
2020-03-18,0.05922915910437703
2020-03-19,0.060680027133850775
2020-03-20,0.06079225666357008
2020-03-23,0.06028369758977694
2020-03-24,0.06573479808670413
2020-03-25,0.06585763222532078
2020-03-26,0.0658583695210488
2020-03-27,0.06626412709255432
2020-03-30,0.06538350320558012
2020-03-31,0.06507551926276783
2020-04-01,0.06478030412592659
2020-04-02,0.06478373850228045
2020-04-03,0.06471140520463117
2020-04-06,0.06410960219087342
2020-04-07,0.0628478829837623
2020-04-08,0.06272717323943883
2020-04-09,0.0577609120578756
2020-04-13,0.05478177146889947
2020-04-14,0.041819597302208925
2020-04-15,0.04086349018549052
2020-04-16,0.03667876240898524
2020-04-17,0.03622518414204488
2020-04-20,0.035301300102655676
2020-04-21,0.03677505426663658
2020-04-22,0.030674356089005837
2020-04-23,0.03068216354901155
2020-04-24,0.029406313749653322
2020-04-27,0.027143898385951652
2020-04-28,0.027185179378447288
2020-04-29,0.02804412073908933
2020-04-30,0.024429205106554473
2020-05-01,0.027210783020291996
2020-05-04,0.026641744854299668
2020-05-05,0.022756712045108696
2020-05-06,0.022788283164088978
2020-05-07,0.02205780700792724
2020-05-08,0.02223722593197378
2020-05-11,0.022079108003224927
2020-05-12,0.021654117908540074
2020-05-13,0.022256309736842412
2020-05-14,0.022387600029422906
2020-05-15,0.022145431908638137
2020-05-18,0.022040281900831273
2020-05-19,0.019688674332547108
2020-05-20,0.018934442469518427
2020-05-21,0.01916647948131255
2020-05-22,0.018954787326933946
2020-05-26,0.01880861537918707
2020-05-27,0.018164703149866814
2020-05-28,0.016536451828956446
2020-05-29,0.016610418101155683
2020-06-01,0.012907332460182533
2020-06-02,0.012330022238556197
2020-06-03,0.012319269317180939
2020-06-04,0.012693129254658129
2020-06-05,0.013997002390356962
2020-06-08,0.013769598841829786
2020-06-09,0.01377539146060554
2020-06-10,0.012658244467367534
2020-06-11,0.018773424247156358
2020-06-12,0.018537624844803324
2020-06-15,0.01869638478864134
2020-06-16,0.01822993431564921
2020-06-17,0.018129213906409456
2020-06-18,0.017629312468570905
2020-06-19,0.017497526292931623
2020-06-22,0.0175868886507388
2020-06-23,0.0176446988934023
2020-06-24,0.019029021996530563
2020-06-25,0.01912901900919635
2020-06-26,0.021404462791313507
2020-06-29,0.02143549346076319
2020-06-30,0.02205721042941651
2020-07-01,0.022143079704363362
2020-07-02,0.022056369230069754
2020-07-06,0.022355332177705432
2020-07-07,0.022408160074849085
2020-07-08,0.022495722712588952
2020-07-09,0.022441381434232605
2020-07-10,0.017203949719054052
2020-07-13,0.017785781793127245
2020-07-14,0.01774045204501897
2020-07-15,0.017677278096841963
2020-07-16,0.017808746927802425
2020-07-17,0.0179070339733516
2020-07-20,0.018495459070744038
2020-07-21,0.018593444802306264
2020-07-22,0.01856814716911103
2020-07-23,0.018548893564485254
2020-07-24,0.018516156280662582
2020-07-27,0.015739799091876377
2020-07-28,0.0161280400093753
2020-07-29,0.01569520601687892
2020-07-30,0.015651360306458983
2020-07-31,0.01574480880209813
2020-08-03,0.01407056299188061
2020-08-04,0.013803180362762088
2020-08-05,0.013677474704823124
2020-08-06,0.01393919633022587
2020-08-07,0.013457432141843816
2020-08-10,0.012982541106702532
2020-08-11,0.013196362859983542
2020-08-12,0.014786409056039505
2020-08-13,0.014626673331370377
2020-08-14,0.014520344445652453
2020-08-17,0.013764631605268132
2020-08-18,0.013665801987250734
2020-08-19,0.013794671942467241
2020-08-20,0.011858405418566224
2020-08-21,0.01137409390228664
2020-08-24,0.01105428358231404
2020-08-25,0.01005223690497449
2020-08-26,0.010161782571032993
2020-08-27,0.009904070728453335
2020-08-28,0.009767453088377925
2020-08-31,0.009719623713109454
2020-09-01,0.009690194237157291
2020-09-02,0.009688827548866357
2020-09-03,0.015688911512315832
2020-09-04,0.015795145508785892
2020-09-08,0.021483182076759946
2020-09-09,0.022376628133010938
2020-09-10,0.021911358577698256
2020-09-11,0.021930900253056378
2020-09-14,0.022546221022501155
2020-09-15,0.022445110110624302
2020-09-16,0.022585349945115792
2020-09-17,0.02283784948374504
2020-09-18,0.022642064763365895
2020-09-21,0.022480377829756856
2020-09-22,0.022424719495626133
2020-09-23,0.023671228841863085
2020-09-24,0.023237396997332783
2020-09-25,0.024241183671950207
2020-09-28,0.02457510387972966
2020-09-29,0.02432262164148226
2020-09-30,0.024480678444466136
2020-10-01,0.024544304740269165
2020-10-02,0.022742436421482447
2020-10-05,0.023485920914192198
2020-10-06,0.019218392009595978
2020-10-07,0.018061862951489833
2020-10-08,0.017536117508786156
2020-10-09,0.017556522372411346
2020-10-12,0.017878548686222417
2020-10-13,0.01780851004635121
2020-10-14,0.01756817255691645
2020-10-15,0.01710908189559648
2020-10-16,0.01702876120742466
2020-10-19,0.017819090898528588
2020-10-20,0.017832601209549458
2020-10-21,0.015105309696952408
2020-10-22,0.015120182587349026
2020-10-23,0.014240003881401862
2020-10-26,0.014648300609862542
2020-10-27,0.014670557694596175
2020-10-28,0.017949929417119707
2020-10-29,0.018521007986199996
2020-10-30,0.018435645583411393
2020-11-02,0.01771704918328039
2020-11-03,0.017922621156637307
2020-11-04,0.019708425740305673
2020-11-05,0.020189766725348154
2020-11-06,0.020166822616726008
2020-11-09,0.019225107556840357
2020-11-10,0.019621322111333085
2020-11-11,0.019817204098249053
2020-11-12,0.019868220505649858
2020-11-13,0.01982571842717686
2020-11-16,0.019237827777086332
2020-11-17,0.019228277122953618
2020-11-18,0.019266778324989863
2020-11-19,0.019216489115969574
2020-11-20,0.01948034437149788
2020-11-23,0.018976095565281025
2020-11-24,0.019580263283917463
2020-11-25,0.01565878696263713
2020-11-27,0.015233248028746921
2020-11-30,0.01416013634027899
2020-12-01,0.014383823839511617
2020-12-02,0.013968112568813473
2020-12-03,0.011450311677695509
2020-12-04,0.010548454817374028
2020-12-07,0.010438751207024855
2020-12-08,0.010432800793815044
2020-12-09,0.010878084789762613
2020-12-10,0.01057239035647567
2020-12-11,0.010429810815037414
2020-12-14,0.010423075867200498
2020-12-15,0.010329867426646037
2020-12-16,0.010330106953804812
2020-12-17,0.010247141403438733
2020-12-18,0.010291179010996498
2020-12-21,0.009734059557379129
2020-12-22,0.009698993583823702
2020-12-23,0.008176876808599387
2020-12-24,0.008183029646643109
2020-12-28,0.00876030921360721
2020-12-29,0.008168551053476148
2020-12-30,0.00730258574887357
2020-12-31,0.007196809481232518
2021-01-04,0.007423998599764196
2021-01-05,0.00767376237588457
2021-01-06,0.007655908850520765
2021-01-07,0.010173453992769407
2021-01-08,0.008726936139818682
2021-01-11,0.009564425982893029
2021-01-12,0.00942811438011663
2021-01-13,0.00944526055282674
2021-01-14,0.009635193514396213
2021-01-15,0.010124352374635333
2021-01-19,0.010550890315590481
2021-01-20,0.011373443919012885
2021-01-21,0.011321453773297777
2021-01-22,0.011237072160712873
2021-01-25,0.011242640931487675
2021-01-26,0.011299898369118308
2021-01-27,0.012646412596090818
2021-01-28,0.012617351268857602
2021-01-29,0.013767446840645348
2021-02-01,0.014590248933093387
2021-02-02,0.014817021138645102
2021-02-03,0.014756730920996799
2021-02-04,0.014651085244858465
2021-02-05,0.013177731586291042
2021-02-08,0.013207977924465117
2021-02-09,0.012729711210374936
2021-02-10,0.012741223684435202
2021-02-11,0.012725398298576223
2021-02-12,0.012490073005978037
2021-02-16,0.01201924957016987
2021-02-17,0.011727913936253928
2021-02-18,0.010973783486177136
2021-02-19,0.010994039211469485
2021-02-22,0.011708969548398002
2021-02-23,0.011602055862691694
2021-02-24,0.012002922114970333
2021-02-25,0.013602502586007982
2021-02-26,0.01361018181730081
2021-03-01,0.013882253864499419
2021-03-02,0.013631351682224032
2021-03-03,0.013739495616700265
2021-03-04,0.013610748767186744
2021-03-05,0.014030211107492422
2021-03-08,0.015031408715802538
2021-03-09,0.017608284632417245
2021-03-10,0.017616261625511952
2021-03-11,0.018281888954067113
2021-03-12,0.0183086622953894
2021-03-15,0.018347880465171454
2021-03-16,0.01831912857494912
2021-03-17,0.01839831396771756
2021-03-18,0.019280849559264346
2021-03-19,0.01930527356212325
2021-03-22,0.01902730135686255
2021-03-23,0.019045831996570027
2021-03-24,0.018981512465974223
2021-03-25,0.01697979297394335
2021-03-26,0.01706552837987408
2021-03-29,0.0158692936946122
2021-03-30,0.015436008247244481
2021-03-31,0.014938451303975697
2021-04-01,0.015061088320788403
2021-04-05,0.0153369367484452
2021-04-06,0.013790849240891351
2021-04-07,0.011049605140600145
2021-04-08,0.011066579301657189
2021-04-09,0.010410794034786739
2021-04-12,0.010272048609266986
2021-04-13,0.010546783077943022
2021-04-14,0.011158963051323629
2021-04-15,0.011664540175830124
2021-04-16,0.009375345726108531
2021-04-19,0.009946942238276194
2021-04-20,0.010121737012255608
2021-04-21,0.010066533196650048
2021-04-22,0.010528448352633436
2021-04-23,0.010764760634610848
2021-04-26,0.010729762864317208
2021-04-27,0.010898432981124685
2021-04-28,0.010791914614941032
2021-04-29,0.010709354643050518
2021-04-30,0.010653452044315432
2021-05-03,0.009962677922269809
2021-05-04,0.010334387710292662
2021-05-05,0.010201675592170565
2021-05-06,0.010292331347018993
2021-05-07,0.010226248000430295
2021-05-10,0.01162747989717252
2021-05-11,0.011317517202466149
2021-05-12,0.011990645466039212
2021-05-13,0.011114808700938447
2021-05-14,0.012509245553604284
2021-05-17,0.012337418887399249
2021-05-18,0.01248516910522084
2021-05-19,0.0122711924842672
2021-05-20,0.012171335688013728
2021-05-21,0.011611723804894666
2021-05-24,0.012482419400309733
2021-05-25,0.01244735327264188
2021-05-26,0.012470018237047353
2021-05-27,0.01220917668755082
2021-05-28,0.012128668289851223
2021-06-01,0.01212509153578792
2021-06-02,0.011783957099191418
2021-06-03,0.01196025844150837
2021-06-04,0.012311135988304711
2021-06-07,0.012218411944399639
2021-06-08,0.010787267897177768
2021-06-09,0.010490051165867403
2021-06-10,0.008798149562343057
2021-06-11,0.008813223132994112
2021-06-14,0.007559745036737587
2021-06-15,0.007671133785617906
2021-06-16,0.007068495023002237
2021-06-17,0.006957278584045339
2021-06-18,0.007151142068579108
2021-06-21,0.007304759858804372
2021-06-22,0.006367754358573294
2021-06-23,0.006385283640745376
2021-06-24,0.006421548398757376
2021-06-25,0.006456817561398355
2021-06-28,0.006782251878506006
2021-06-29,0.006863864332874356
2021-06-30,0.0068730683035562535
2021-07-01,0.0063328764038665854
2021-07-02,0.005930002895807032
2021-07-06,0.005969994151517022
2021-07-07,0.006090407649025086
2021-07-08,0.006436156228786074
2021-07-09,0.00659998559685674
2021-07-12,0.006764423275577985
2021-07-13,0.006902846165204566
2021-07-14,0.006976476148866841
2021-07-15,0.007402896698334874
2021-07-16,0.008212186915995606
2021-07-19,0.008442728005745009
2021-07-20,0.008570109241117004
2021-07-21,0.008627002358709059
2021-07-22,0.008566480389435076
2021-07-23,0.008758816552628333
2021-07-26,0.00876727991010935
2021-07-27,0.008831275311446242
2021-07-28,0.008857103208197483
2021-07-29,0.008875006727804894
2021-07-30,0.009279930498183408
2021-08-02,0.00896536828536505
2021-08-03,0.009126952362767577
2021-08-04,0.009108318521506807
2021-08-05,0.008997782098327262
2021-08-06,0.008760015619878924
2021-08-09,0.008464195182953353
2021-08-10,0.008411090797376767
2021-08-11,0.008332791289388877
2021-08-12,0.00820811861502224
2021-08-13,0.0073322846452041224
2021-08-16,0.006469533484784335
2021-08-17,0.006886479017946968
2021-08-18,0.006751399408284839
2021-08-19,0.0067051433391371595
2021-08-20,0.006930780425482377
2021-08-23,0.008102278341398539
2021-08-24,0.007650529926064571
2021-08-25,0.007633953743089307
2021-08-26,0.0078009565971302935
2021-08-27,0.007620736701355216
2021-08-30,0.007765011388091256
2021-08-31,0.007758868757753886
2021-09-01,0.007751420263812696
2021-09-02,0.007713052092906161
2021-09-03,0.007698675996629188
2021-09-07,0.007696356128081521
2021-09-08,0.00789686914051318
2021-09-09,0.007924136829433222
2021-09-10,0.008282632131504408
2021-09-13,0.008394960329691035
2021-09-14,0.008412165170807742
2021-09-15,0.007999253405976427
2021-09-16,0.007616333866961044
2021-09-17,0.008172221221088821
2021-09-20,0.009941013739956681
2021-09-21,0.008868139148402041
2021-09-22,0.0091437563314975
2021-09-23,0.009561043999262168
2021-09-24,0.009518312122685297
2021-09-27,0.00905504669693261
2021-09-28,0.010243867918052187
2021-09-29,0.010239250013394213
2021-09-30,0.010334102459043698
2021-10-01,0.010818066543385605
2021-10-04,0.011474168522670433
2021-10-05,0.012004181709105567
2021-10-06,0.012045268964303904
2021-10-07,0.012264831804085255
2021-10-08,0.012037403894669344
2021-10-11,0.01201932912003256
2021-10-12,0.012026468023781793
2021-10-13,0.011735607465497545
2021-10-14,0.01267554184733713
2021-10-15,0.012694828340428555
2021-10-18,0.011142709423440228
2021-10-19,0.01116099825464812
2021-10-20,0.01105034637260731
2021-10-21,0.010850975986327404
2021-10-22,0.01100524237374836
2021-10-25,0.011438890689654892
2021-10-26,0.00972916192699699
2021-10-27,0.009651959942907278
2021-10-28,0.009393001779037817
2021-10-29,0.009276828133527554
2021-11-01,0.007317588931293497
2021-11-02,0.007171134403625212
2021-11-03,0.007210761934276445
2021-11-04,0.0076297141576801885
2021-11-05,0.007573237700587199
2021-11-08,0.007023749058724197
2021-11-09,0.007783112211587848
2021-11-10,0.008915751334028542
2021-11-11,0.008254478771054069
2021-11-12,0.00810685100732017
2021-11-15,0.008068475223389594
2021-11-16,0.008058272323489555
2021-11-17,0.00810417902597197
2021-11-18,0.008454976342133103
2021-11-19,0.008072143029939454
2021-11-22,0.00789522272417287
2021-11-23,0.007781967613591845
2021-11-24,0.0078034415697012536
2021-11-26,0.010174231180097214
2021-11-29,0.011215769736932276
2021-11-30,0.011738758191247966
2021-12-01,0.01233831399734723
2021-12-02,0.012240105096338584
2021-12-03,0.012182956316828912
2021-12-06,0.012453290579902519
2021-12-07,0.01418538754157033
2021-12-08,0.013983173448603793
2021-12-09,0.013922895338238907
2021-12-10,0.013974950694564111
2021-12-13,0.014661611621912835
2021-12-14,0.014696733338144788
2021-12-15,0.015531268653078176
2021-12-16,0.016431655943139355
2021-12-17,0.01610472495844718
2021-12-20,0.01628238585350034
2021-12-21,0.017305840149471785
2021-12-22,0.01772082710031274
2021-12-23,0.017819892743371722
2021-12-27,0.016959140471589883
2021-12-28,0.016202013027667387
2021-12-29,0.01585444026893631
2021-12-30,0.015417585553439635
2021-12-31,0.015493088489304046
2022-01-03,0.015730856713195105
2022-01-04,0.01580049029606812
2022-01-05,0.015979738977604744
2022-01-06,0.0159210976138496
2022-01-07,0.015811349788018535
2022-01-10,0.0157638094395908
2022-01-11,0.015440207964189288
2022-01-12,0.015454649107397897
2022-01-13,0.015880000775809592
2022-01-14,0.014990617156308075
2022-01-18,0.01574365598559388
2022-01-19,0.015636633243626224
2022-01-20,0.014757505741505082
2022-01-21,0.015245666393780982
2022-01-24,0.014985752602726835
2022-01-25,0.014258854972824931
2022-01-26,0.014515701328845117
2022-01-27,0.014634731108241537
2022-01-28,0.01636788798092087
2022-01-31,0.018416153685034957
2022-02-01,0.017467640727380333
2022-02-02,0.017741669023219445
2022-02-03,0.020480396435196665
2022-02-04,0.02131476849332291
2022-02-07,0.0213137407866612
2022-02-08,0.0213881336703053
2022-02-09,0.021551839074693768
2022-02-10,0.021783692545952065
2022-02-11,0.02185151833017108
2022-02-14,0.021811390460782523
2022-02-15,0.022057709462926865
2022-02-16,0.021933170839024085
2022-02-17,0.022983535356033823
2022-02-18,0.022306103085116588
2022-02-22,0.02245387506701335
2022-02-23,0.022911900844979148
2022-02-24,0.023675724695306075
2022-02-25,0.023882062514577952
2022-02-28,0.023117224710617328
2022-03-01,0.021857211969988383
2022-03-02,0.022139692847883977
2022-03-03,0.021995030527272034
2022-03-04,0.01858111940273657
2022-03-07,0.01917153263245271
2022-03-08,0.019176248688091962
2022-03-09,0.02060913622001542
2022-03-10,0.0200004687416844
2022-03-11,0.020122385286208886
2022-03-14,0.01964702742521268
2022-03-15,0.020740795992943727
2022-03-16,0.021577236027867715
2022-03-17,0.02197948182262025
2022-03-18,0.02127338676242219
2022-03-21,0.021039838217201547
2022-03-22,0.021020961907149454
2022-03-23,0.020013740298294468
2022-03-24,0.01989686331100298
2022-03-25,0.01961777285279901
2022-03-28,0.019701584040995663
2022-03-29,0.019162127577188232
2022-03-30,0.01905886816412371
2022-03-31,0.01937551575309047
2022-04-01,0.01916771842638885
2022-04-04,0.016844541152969236
2022-04-05,0.017746371117835592
2022-04-06,0.017949005532395867
2022-04-07,0.01790775167568333
2022-04-08,0.0170477573459775
2022-04-11,0.01805625185414506
2022-04-12,0.017345811925117288
2022-04-13,0.01603679889155233
2022-04-14,0.016401889436824413
2022-04-18,0.01571135091944129
2022-04-19,0.016194742842990904
2022-04-20,0.01598874294451885
2022-04-21,0.01652580407127992
2022-04-22,0.01613223821584819
2022-04-25,0.01627031142151747
2022-04-26,0.01778282289761344
2022-04-27,0.01739633238915734
2022-04-28,0.02104357676420405
2022-04-29,0.02264043923117195
2022-05-02,0.023377155693293766
2022-05-03,0.022687525709644246
2022-05-04,0.024338734456731976
2022-05-05,0.02634242431799268
2022-05-06,0.026277247817761484
2022-05-09,0.028094010666059915
2022-05-10,0.027864278484249612
2022-05-11,0.02835845398029144
2022-05-12,0.02788362689078598
2022-05-13,0.029538758204308953
2022-05-16,0.0293444849157493
2022-05-17,0.029832113668341584
2022-05-18,0.03123403123035503
2022-05-19,0.031081810425792347
2022-05-20,0.030749624741736724
2022-05-23,0.03131388912474818
2022-05-24,0.030502362402319717
2022-05-25,0.0308966372823988
2022-05-26,0.029798777783487624
2022-05-27,0.029184129840217992
2022-05-31,0.028798995603010014
2022-06-01,0.028767727631615433
2022-06-02,0.028287239713159242
2022-06-03,0.026579046729574923
2022-06-06,0.0266486120327138
2022-06-07,0.02395862871113622
2022-06-08,0.02392922402059096
2022-06-09,0.023758831512349962
2022-06-10,0.025405971982898266
2022-06-13,0.026316785869988268
2022-06-14,0.026302361748949458
2022-06-15,0.026261902323588205
2022-06-16,0.025572990881178207
2022-06-17,0.025621075610648712
2022-06-21,0.02698059742585196
2022-06-22,0.02640171000385271
2022-06-23,0.025788736819704512
2022-06-24,0.02671801374044281
2022-06-27,0.02588938607275297
2022-06-28,0.025310427453904535
2022-06-29,0.025300501628626116
2022-06-30,0.025532666768109162
2022-07-01,0.024582146358296003
2022-07-05,0.02431156263848107
2022-07-06,0.02424345309893938
2022-07-07,0.02495227115342753
2022-07-08,0.024980619061530287
2022-07-11,0.024943869278224017
2022-07-12,0.023520858755960897
2022-07-13,0.02039129272696452
2022-07-14,0.02043663084287783
2022-07-15,0.02034448647380553
2022-07-18,0.017882142393679
2022-07-19,0.019115199870248584
2022-07-20,0.017825397343564323
2022-07-21,0.017884490901043413
2022-07-22,0.018890507546343086
2022-07-25,0.01728283469248889
2022-07-26,0.01812694754705218
2022-07-27,0.019706302442277494
2022-07-28,0.019674911001239904
2022-07-29,0.019525227039460538
2022-08-01,0.019692064145065566
2022-08-02,0.01964196549278655
2022-08-03,0.019983967445173136
2022-08-04,0.01945755711374392
2022-08-05,0.01963424092517063
2022-08-08,0.018427544470299744
2022-08-09,0.018282285542129042
2022-08-10,0.01901022109704799
2022-08-11,0.018979717235198867
2022-08-12,0.018898171698794576
2022-08-15,0.018781014986274137
2022-08-16,0.017827497142948973
2022-08-17,0.017983187038978953
2022-08-18,0.017804214035288986
2022-08-19,0.017666520800118955
2022-08-22,0.018671573478933324
2022-08-23,0.017609281976935617
2022-08-24,0.0144609890055773
2022-08-25,0.014934211254158402
2022-08-26,0.016699921896687318
2022-08-29,0.016735528006138325
2022-08-30,0.016999773622504745
2022-08-31,0.016116641036475005
2022-09-01,0.01610841612244162
2022-09-02,0.016229103883450068
2022-09-06,0.016219700341160364
2022-09-07,0.016793771840747415
2022-09-08,0.015193478992266389
2022-09-09,0.01618686876171384
2022-09-12,0.015487504266565682
2022-09-13,0.019675990741397285
2022-09-14,0.01986806953217718
2022-09-15,0.019869502281529942
2022-09-16,0.019752388184038926
2022-09-19,0.01969307891028425
2022-09-20,0.01920044919693024
2022-09-21,0.019448951392459262
2022-09-22,0.019387516402340484
2022-09-23,0.018853076901997907
2022-09-26,0.017081287482943592
2022-09-27,0.01718458144448379
2022-09-28,0.018126586935533023
2022-09-29,0.01904671360359911
2022-09-30,0.01916790390746286
2022-10-03,0.019782685131011404
2022-10-04,0.021338628959777287
2022-10-05,0.02091939689943869
2022-10-06,0.020774757419800467
2022-10-07,0.02156677581345141
2022-10-10,0.021081451759366522
2022-10-11,0.017586112838067804
2022-10-12,0.017427707967023934
2022-10-13,0.01889037854410591
2022-10-14,0.0198080580200418
2022-10-17,0.022240878543594904
2022-10-18,0.02233059348285962
2022-10-19,0.021975656869314988
2022-10-20,0.021936279093966782
2022-10-21,0.02208448320348328
2022-10-24,0.02199351137056997
2022-10-25,0.02243969573100798
2022-10-26,0.022912835038644556
2022-10-27,0.023488690163594624
2022-10-28,0.02376454287288648
2022-10-31,0.023652345510167774
2022-11-01,0.02244389053541206
2022-11-02,0.023461621253815578
2022-11-03,0.023542792724275903
2022-11-04,0.02224308143950654
2022-11-07,0.022280306214003953
2022-11-08,0.02198960121464612
2022-11-09,0.022857025636958007
2022-11-10,0.027470834959672872
2022-11-11,0.02663059546032062
2022-11-14,0.02518320651316896
2022-11-15,0.025209594744035446
2022-11-16,0.025405411622398424
2022-11-17,0.025394207264773504
2022-11-18,0.024788998106578124
2022-11-21,0.02503445892763504
2022-11-22,0.024869256176476447
2022-11-23,0.02445151023827942
2022-11-25,0.022879268909603803
2022-11-28,0.02268492729547792
2022-11-29,0.022482745988946364
2022-11-30,0.024921667770031724
2022-12-01,0.023474984812581624
2022-12-02,0.023187895826454804
2022-12-05,0.023799861664986422
2022-12-06,0.024502754870039924
2022-12-07,0.024554893999787584
2022-12-08,0.023720698306583216
2022-12-09,0.017386836426382196
2022-12-12,0.017008652410885335
2022-12-13,0.017042910672632337
2022-12-14,0.0169819321229975
2022-12-15,0.017974795573048572
2022-12-16,0.01806593060670783
2022-12-19,0.018264752957976214
2022-12-20,0.017856443899560134
2022-12-21,0.017676722844539427
2022-12-22,0.018312447825325075
2022-12-23,0.018448120354569414
2022-12-27,0.018859855916567636
2022-12-28,0.01886970447347899
2022-12-29,0.01606811736226419
2022-12-30,0.016145203619564383
2023-01-03,0.016336917011147502
2023-01-04,0.016029945250866363
2023-01-05,0.015598373979724566
2023-01-06,0.016654025778095122
2023-01-09,0.016584607461221156
2023-01-10,0.01683595521807148
2023-01-11,0.017569233828509757
2023-01-12,0.017537452879507243
2023-01-13,0.017616027999185633
2023-01-17,0.016332790987042187
2023-01-18,0.016553401245393902
2023-01-19,0.016219231035678364
2023-01-20,0.017418683350171795
2023-01-23,0.017873618991039744
2023-01-24,0.015788598307275276
2023-01-25,0.015887170562827256
2023-01-26,0.015246281074645181
2023-01-27,0.015075760139565568
2023-01-30,0.01626559755389881
2023-01-31,0.01654219347768327
2023-02-01,0.01574010674004089
2023-02-02,0.01731404909143715
2023-02-03,0.017030264392931246
2023-02-06,0.01705112206047638
2023-02-07,0.017349118997329216
2023-02-08,0.01818726376503908
2023-02-09,0.01831034772054026
2023-02-10,0.01857928256287276
2023-02-13,0.01861886352081252
2023-02-14,0.01864786475130171
2023-02-15,0.017874152353865445
2023-02-16,0.01902012628902694
2023-02-17,0.01838473394316033
2023-02-21,0.018880995724070756
2023-02-22,0.01888592027927765
2023-02-23,0.01909987437254511
2023-02-24,0.018432841139335347
2023-02-27,0.018026860315779655
2023-02-28,0.01679774285435405
2023-03-01,0.016447898456313684
2023-03-02,0.015905605906273254
2023-03-03,0.013949770537846991
2023-03-06,0.01368459862091897
2023-03-07,0.014080457991271892
2023-03-08,0.012840646545577164
2023-03-09,0.013453340486034089
2023-03-10,0.0134615879723551
2023-03-13,0.013514716172555598
2023-03-14,0.014939152745715611
2023-03-15,0.014653935688609397
2023-03-16,0.01602226863592362
2023-03-17,0.015367400602349498
2023-03-20,0.015368348861165481
2023-03-21,0.015362212326509715
2023-03-22,0.01583527249858536
2023-03-23,0.01549796113307837
2023-03-24,0.015045887154086853
2023-03-27,0.015001407638605795
2023-03-28,0.01511356609657578
2023-03-29,0.015156487061222336
2023-03-30,0.015188230831702256
2023-03-31,0.014754184301727938
2023-04-03,0.014743430057362042
2023-04-04,0.014202240951532837
2023-04-05,0.014400079753874246
2023-04-06,0.012959760594352537
2023-04-10,0.012689874733166923
2023-04-11,0.012889276681758738
2023-04-12,0.011859182485839215
2023-04-13,0.0123708005679291
2023-04-14,0.01108781825555055
2023-04-17,0.01067875175241934
2023-04-18,0.010666049553560741
2023-04-19,0.009217039203152083
2023-04-20,0.009400555005823867
2023-04-21,0.00929855671963327
2023-04-24,0.009294106423690312
2023-04-25,0.010296064524135102
2023-04-26,0.010185353668961592
2023-04-27,0.012570591295456545
2023-04-28,0.012519228237657278
2023-05-01,0.011917907662934964
2023-05-02,0.01222838270457512
2023-05-03,0.012345717533617866
2023-05-04,0.012319233664609384
2023-05-05,0.013264344210242378
2023-05-08,0.013266189360207452
2023-05-09,0.013289058971263323
2023-05-10,0.013194497173380748
2023-05-11,0.012504393120316525
2023-05-12,0.012580929735325432
2023-05-15,0.012574484507954552
2023-05-16,0.012572063663661271
2023-05-17,0.013190776838763003
2023-05-18,0.012792056408685842
2023-05-19,0.012842102491889398
2023-05-22,0.01281767588841064
2023-05-23,0.012130584201091114
2023-05-24,0.012178435406166288
2023-05-25,0.010975473158600467
2023-05-26,0.011628882778235811
2023-05-30,0.011593488997379064
2023-05-31,0.011293844361495938
2023-06-01,0.011283459104383399
2023-06-02,0.01091217325277656
2023-06-05,0.01027807508665275
2023-06-06,0.010352050302960688
2023-06-07,0.011028889860531806
2023-06-08,0.011138876340924312
2023-06-09,0.011139072016511722
2023-06-12,0.010836991083543813
2023-06-13,0.010823295726589485
2023-06-14,0.010963806502782013
2023-06-15,0.010588375980244126
2023-06-16,0.010629454608475603
2023-06-20,0.010528641728546527
2023-06-21,0.01111644113035126
2023-06-22,0.010700100946087733
2023-06-23,0.011066276054349932
2023-06-26,0.011070177823942231
2023-06-27,0.010693740932805501
2023-06-28,0.010640252590926581
2023-06-29,0.010380769593062892
2023-06-30,0.010183110435650728
2023-07-03,0.010029866122167178
2023-07-05,0.010019280559069777
2023-07-06,0.01042071099601333
2023-07-07,0.009737763266040053
2023-07-10,0.00959378944391062
2023-07-11,0.009627670797885995
2023-07-12,0.00962310003653337
2023-07-13,0.009971712274334967
2023-07-14,0.009926711571759225
2023-07-17,0.00986198962196513
2023-07-18,0.009799400447884738
2023-07-19,0.009756294345961583
2023-07-20,0.011175425140817605
2023-07-21,0.011157629522804836
2023-07-24,0.011032477395956598
2023-07-25,0.009903082754276217
2023-07-26,0.009469626093080519
2023-07-27,0.009517044607030489
2023-07-28,0.010162255772291108
2023-07-31,0.00968468308560061
2023-08-01,0.009821862264356128
2023-08-02,0.011180975401966753
2023-08-03,0.010891219995626013
2023-08-04,0.010862550162198946
2023-08-07,0.010785469051181724
2023-08-08,0.010929645658292558
2023-08-09,0.011292244041160273
2023-08-10,0.010754575679129068
2023-08-11,0.010713644096370104
2023-08-14,0.01088430701522977
2023-08-15,0.011067125393219182
2023-08-16,0.011307585087176948
2023-08-17,0.010222197970661361
2023-08-18,0.010145821315822551
2023-08-21,0.01112591241448867
2023-08-22,0.0110797402409623
2023-08-23,0.011546608271522556
2023-08-24,0.012033583745053976
2023-08-25,0.011250592150450973
2023-08-28,0.011378090686941046
2023-08-29,0.012679454990571196
2023-08-30,0.011654272474739465
2023-08-31,0.0116291570764163
2023-09-01,0.011663557071225928
2023-09-05,0.011630196637337505
2023-09-06,0.01181874064711134
2023-09-07,0.01127309676790959
2023-09-08,0.011265707583993416
2023-09-11,0.011757054375958196
2023-09-12,0.01157568832864699
2023-09-13,0.01105387462571712
2023-09-14,0.010684590231038689
2023-09-15,0.011127639889140149
2023-09-18,0.011090086257126968
2023-09-19,0.010279277644229668
2023-09-20,0.010785617850556605
2023-09-21,0.01099176009222028
2023-09-22,0.010373312076384195
2023-09-25,0.010464008941442761
2023-09-26,0.010847324561822408
2023-09-27,0.00932855302626035
2023-09-28,0.009606879421287644
2023-09-29,0.009609632372667083
2023-10-02,0.010104430629431097
2023-10-03,0.010563178688368717
2023-10-04,0.010715263589384062
2023-10-05,0.01069787691878893
2023-10-06,0.011230857818641079
2023-10-09,0.010651304894780443
2023-10-10,0.010574879600330095
2023-10-11,0.01055556595328518
2023-10-12,0.010248566133094227
2023-10-13,0.009743253140032122
2023-10-16,0.009956342346815212
2023-10-17,0.009986642345764336
2023-10-18,0.010123465190702627
2023-10-19,0.009877400184145204
2023-10-20,0.01069202091326816
2023-10-23,0.010544107291090087
2023-10-24,0.010144274202363954
2023-10-25,0.011473300322949171
2023-10-26,0.012099718981490017
2023-10-27,0.012239099855100294
2023-10-30,0.012094676477214537
2023-10-31,0.01164439249323145
2023-11-01,0.012046230049813674
2023-11-02,0.012825289408801161
2023-11-03,0.012447844053698701
2023-11-06,0.012443956798904256
2023-11-07,0.01253221683701377
2023-11-08,0.012458814240517752
2023-11-09,0.012550375696578958
2023-11-10,0.013186652723532333
2023-11-13,0.01305107659285229
2023-11-14,0.013571250148809898
2023-11-15,0.012955708124536742
2023-11-16,0.012506059529803945
2023-11-17,0.011513086168049117
2023-11-20,0.011554740461727666
2023-11-21,0.011596111792239468
2023-11-22,0.009645118327823868
2023-11-24,0.0075788122703887096
2023-11-27,0.0077114398068806106
2023-11-28,0.007624487581158549
2023-11-29,0.008181488576095044
2023-11-30,0.0077635328026521575
2023-12-01,0.006988605246886583
2023-12-04,0.007558798179512266
2023-12-05,0.007615196612316122
2023-12-06,0.007862569070256712
2023-12-07,0.008404086625315523
2023-12-08,0.008195833118622837
2023-12-11,0.0077387485648542555
2023-12-12,0.007795598134982781
2023-12-13,0.0068756074205778015
2023-12-14,0.006884533424289484
2023-12-15,0.00695718372035953
2023-12-18,0.007245807232513281
2023-12-19,0.007152727672108409
2023-12-20,0.007847714927679456
2023-12-21,0.008201376188910285
2023-12-22,0.008154127552731828
2023-12-26,0.008157350758108283
2023-12-27,0.008095101629981135
2023-12-28,0.007859220484608945
2023-12-29,0.007925162962532059
2024-01-02,0.008097854307963774
2024-01-03,0.007779707984700568
2024-01-04,0.00776641553419383
2024-01-05,0.007435804869507919
2024-01-08,0.007649179256869511
2024-01-09,0.007524120366142651
2024-01-10,0.0071757458356720635
2024-01-11,0.007169590544122788
2024-01-12,0.00720559535510003
2024-01-16,0.0072738455883779255
2024-01-17,0.00730664536916298
2024-01-18,0.007159891332680087
2024-01-19,0.007485484638530692
2024-01-22,0.006733720100481824
2024-01-23,0.006387489890409262
2024-01-24,0.006542305461523011
2024-01-25,0.00690092851897073
2024-01-26,0.006892580453263958
2024-01-29,0.0072821784094226644
2024-01-30,0.0071567149600105205
2024-01-31,0.00890689477798167
2024-02-01,0.008921882584294076
2024-02-02,0.011261598894774174
2024-02-05,0.011407898686119404
2024-02-06,0.010963997986690519
2024-02-07,0.011204030514491542
2024-02-08,0.01110997351365659
2024-02-09,0.011169965125380597
2024-02-12,0.011203392724764892
2024-02-13,0.011706952108683477
2024-02-14,0.011695822239010958
2024-02-15,0.011717569858838798
2024-02-16,0.011748340346425978
2024-02-20,0.012090573538342074
2024-02-21,0.01206950673418427
2024-02-22,0.01359877024929473
2024-02-23,0.013426786308225035
2024-02-26,0.013493516656819714
2024-02-27,0.01334612284716596
2024-02-28,0.013451013176940764
2024-02-29,0.01209307810472302
2024-03-01,0.012049180906877286
2024-03-04,0.010363673275461015
2024-03-05,0.010758658041827662
2024-03-06,0.010752571664925735
2024-03-07,0.01091318672942651
2024-03-08,0.011077035390518523
2024-03-11,0.010877949402092805
2024-03-12,0.011350570552321332
2024-03-13,0.010933928889220847
2024-03-14,0.010725557601788584
2024-03-15,0.010663681873258063
2024-03-18,0.011125617036059165
2024-03-19,0.010803041533984188
2024-03-20,0.011013326527577916
2024-03-21,0.008901026781838095
2024-03-22,0.008834698309521282
2024-03-25,0.008827806755464837
2024-03-26,0.008839396288667464
2024-03-27,0.008711648658150502
2024-03-28,0.008648347824156919
2024-04-01,0.008573815057908237
2024-04-02,0.008487810630603769
2024-04-03,0.007850499968235947
2024-04-04,0.008143648041345618
2024-04-05,0.007759756235181513
2024-04-08,0.007486323770931975
2024-04-09,0.007450983954315463
2024-04-10,0.0068281204769669365
2024-04-11,0.0072096596158120335
2024-04-12,0.008521878421565775
2024-04-15,0.009324121305834224
2024-04-16,0.008553604475689298
2024-04-17,0.008560941686398978
2024-04-18,0.008031094249560276
2024-04-19,0.008812416354484435
2024-04-22,0.008879890827674807
2024-04-23,0.009595052065230165
2024-04-24,0.00986219081498263
2024-04-25,0.009853241708263556
2024-04-26,0.010711957443270852
2024-04-29,0.010971703117545755
2024-04-30,0.011695472776425643
2024-05-01,0.011649710259879532
2024-05-02,0.011954406666483283
2024-05-03,0.012171315886658315
2024-05-06,0.012490492078104331
2024-05-07,0.01251175488413645
2024-05-08,0.012453693949148035
2024-05-09,0.012133419558278328
2024-05-10,0.01130191446775392
2024-05-13,0.010454532232598757
2024-05-14,0.010572611220792562
2024-05-15,0.010437515996277106
2024-05-16,0.010460271377467583
2024-05-17,0.009192268820093361
2024-05-20,0.009418100267648345
2024-05-21,0.00925682046554599
2024-05-22,0.00951844658529028
2024-05-23,0.009403794885536805
2024-05-24,0.009013623028580803
2024-05-28,0.008886897533470146
2024-05-29,0.007257593314574622
2024-05-30,0.007799640002936568
2024-05-31,0.007422688456995318
2024-06-03,0.006905770045028132
2024-06-04,0.006406411363682072
2024-06-05,0.006763745379041234
2024-06-06,0.006750985245637762
2024-06-07,0.006847162790213104
2024-06-10,0.006804496965462699
2024-06-11,0.006820083686920999
2024-06-12,0.006807111000092822
2024-06-13,0.006643893283727872
2024-06-14,0.006620879057404358
2024-06-17,0.006716378218669206
2024-06-18,0.0066099591167258775
2024-06-20,0.006364470773048278
2024-06-21,0.006080475540155738
2024-06-24,0.006017690519351893
2024-06-25,0.006288288244083945
2024-06-26,0.006506192675520378
2024-06-27,0.0061527885240298275
2024-06-28,0.0055678787945120396
2024-07-01,0.0059286358437128026
2024-07-02,0.006506927360199592
2024-07-03,0.0065552694297633385
2024-07-05,0.006431895485107778
2024-07-08,0.006540886339356111
2024-07-09,0.006312457298345565
2024-07-10,0.006445715511644452
2024-07-11,0.009734950162545278
2024-07-12,0.0096400765798736
2024-07-15,0.009676099104640328
2024-07-16,0.009617930406814105
2024-07-17,0.010617514419801006
2024-07-18,0.010689826529608667
2024-07-19,0.011018278249324673
2024-07-22,0.0112232832776443
2024-07-23,0.011198124053193727
2024-07-24,0.014306494612761862
2024-07-25,0.014136867709790156
2024-07-26,0.014269019669015975
2024-07-29,0.014280016493665325
2024-07-30,0.014054305041366094
2024-07-31,0.014495629847382919
2024-08-01,0.014733650775663198
2024-08-02,0.015116067302251531
2024-08-05,0.016913346765432206
2024-08-06,0.017106514714771474
2024-08-07,0.016659543961376783
2024-08-08,0.017183255081942354
2024-08-09,0.01727492266011849
2024-08-12,0.017183787802095455
2024-08-13,0.018023289415404903
2024-08-14,0.017723470420314972
2024-08-15,0.018416580103089268
2024-08-16,0.018295228917407
2024-08-19,0.018260702130584127
2024-08-20,0.018291153576710316
2024-08-21,0.015832577872167984
2024-08-22,0.01617135787857114
2024-08-23,0.016328809323279507
2024-08-26,0.01637960002301698
2024-08-27,0.016286947932393134
2024-08-28,0.0156644238998919
2024-08-29,0.01515263609023497
2024-08-30,0.014324725563964684
2024-09-03,0.012719075106211829
2024-09-04,0.012622344442305056
2024-09-05,0.012428016497186193
2024-09-06,0.013349330329363047
2024-09-09,0.013573310003184043
2024-09-10,0.013556043136898696
2024-09-11,0.013121683032820079
2024-09-12,0.013326381721170955
2024-09-13,0.012486602750703927
2024-09-16,0.012490093176692328
2024-09-17,0.012162634734349429
2024-09-18,0.01211962141496752
2024-09-19,0.013455439511326646
2024-09-20,0.01300899265402079
2024-09-23,0.012703082352382386
2024-09-24,0.012661115015691917
2024-09-25,0.012620246335760813
2024-09-26,0.012443854845045899
2024-09-27,0.01242003486707195
2024-09-30,0.012249684440137073
2024-10-01,0.010758908775158511
2024-10-02,0.010754061290344423
2024-10-03,0.010718623840478187
2024-10-04,0.008286927433452527
2024-10-07,0.00899914690599761
2024-10-08,0.0090788489112402
2024-10-09,0.008586420376283006
2024-10-10,0.00838317530268502
2024-10-11,0.008440674988866675
2024-10-14,0.008438982052790115
2024-10-15,0.00931391051784197
2024-10-16,0.009298694753098665
2024-10-17,0.007455645658199274
2024-10-18,0.0074253272376169546
2024-10-21,0.007349997797807497
2024-10-22,0.007322368154895568
2024-10-23,0.008296182175619083
2024-10-24,0.009550682435537071
2024-10-25,0.009665524003808169
2024-10-28,0.009598523989531796
2024-10-29,0.00928323948182428
2024-10-30,0.00926544168687004
2024-10-31,0.011182990468314771
2024-11-01,0.010660220683297928
2024-11-04,0.010267883881736852
2024-11-05,0.01059788857698412
2024-11-06,0.014484487246892934
2024-11-07,0.014649255296533836
2024-11-08,0.01459952477085767
2024-11-11,0.01458982278184355
2024-11-12,0.014007397293538611
2024-11-13,0.014035385667567214
2024-11-14,0.01431318489576505
2024-11-15,0.014879395897010683
2024-11-18,0.014911219345445929
2024-11-19,0.014941294881832068
2024-11-20,0.014216051950255156
2024-11-21,0.013762675164175899
2024-11-22,0.013724354715714851
2024-11-25,0.013726286612824736
2024-11-26,0.013775659117057994
2024-11-27,0.013891783394917277
2024-11-29,0.012252600269417716
2024-12-02,0.01233075869838581
2024-12-03,0.012082717024500448
2024-12-04,0.011886846293475683
2024-12-05,0.0071182790591288354
2024-12-06,0.006689438856846536
2024-12-09,0.006659505956427597
2024-12-10,0.006658707490685645
2024-12-11,0.0070948287507952065
2024-12-12,0.007527045363978604
2024-12-13,0.007163778882144775
2024-12-16,0.006088947685697501
2024-12-17,0.006093029105765806
2024-12-18,0.00934308502417685
2024-12-19,0.009343118719040111
2024-12-20,0.009293156843404841
2024-12-23,0.009584538463380327
2024-12-24,0.010013303579819563
2024-12-26,0.010004035087596357
2024-12-27,0.010569157517899119
2024-12-30,0.010770178466088194
2024-12-31,0.010690340318738991
2025-01-02,0.01067008470586882
2025-01-03,0.011543870197024183
2025-01-06,0.01191097589443681
2025-01-07,0.01243446843989173
2025-01-08,0.012432242990752197
2025-01-10,0.012546628236506232
2025-01-13,0.012171702552585205
2025-01-14,0.012068070712249097
2025-01-15,0.01378692802065564
2025-01-16,0.014340299403316088
2025-01-17,0.014770927564216274
2025-01-21,0.013082149086663494
2025-01-22,0.013139342873055153
2025-01-23,0.013121408658008284
2025-01-24,0.01295087597730391
2025-01-27,0.01317642111248918
2025-01-28,0.013867140883627747
2025-01-29,0.013544103414808085
2025-01-30,0.01327327166210806
2025-01-31,0.013125839934579005
2025-02-03,0.013407226896638586
2025-02-04,0.012991751290390348
2025-02-05,0.012823610317622258
2025-02-06,0.012295527962109592
2025-02-07,0.012738308018709303
2025-02-10,0.012499763451572303
2025-02-11,0.01249860068930515
2025-02-12,0.0124723875590461
2025-02-13,0.011204625789012464
2025-02-14,0.010276524558238229
2025-02-18,0.009848025331051658
2025-02-19,0.009804075570971005
2025-02-20,0.0098071445847807
2025-02-21,0.011368594007900608
2025-02-24,0.011546115709365956
2025-02-25,0.011516063752992479
2025-02-26,0.01033840047366563
2025-02-27,0.01097636891220279
2025-02-28,0.012155279789213132
2025-03-03,0.01345808813821243
2025-03-04,0.013373336278866756
2025-03-05,0.013178062945386721
2025-03-06,0.013528783524714478
2025-03-07,0.013470423074950926
2025-03-10,0.01613628126075306
2025-03-11,0.016024059701868106
2025-03-12,0.016855481789792622
2025-03-13,0.01708360896878733
2025-03-14,0.018117947794655732
2025-03-17,0.018018013534647142
2025-03-18,0.01816279214292972
2025-03-19,0.018716083294188713
2025-03-20,0.018805485893849273
2025-03-21,0.018541194235063348
2025-03-24,0.01981372714414797
2025-03-25,0.01964581389588893
2025-03-26,0.020088828196019655
2025-03-27,0.019616759022685674
2025-03-28,0.019801433483317914
2025-03-31,0.018820125057347748
2025-04-01,0.018988523450032463
2025-04-02,0.018879988613370834
2025-04-03,0.022509191020534107
2025-04-04,0.0258814963536706
2025-04-07,0.024194637057870817
2025-04-08,0.024254191310426134
2025-04-09,0.03560760653875537
2025-04-10,0.03664483393084895
2025-04-11,0.03641030275443295
2025-04-14,0.03640608847518046
2025-04-15,0.036227752847096034
2025-04-16,0.03654413898804147
2025-04-17,0.036919656266204956
2025-04-21,0.03724004911270857
2025-04-22,0.03718825708211712
2025-04-23,0.03771212689245865
2025-04-24,0.03806148885056719
2025-04-25,0.03839029115017401
2025-04-28,0.03795721689514863
2025-04-29,0.03796129466764974
2025-04-30,0.03788031150160325
2025-05-01,0.03805547696974883
2025-05-02,0.03573425123066117
2025-05-05,0.032700146692536736
2025-05-06,0.03283077711598675
2025-05-07,0.032621442880721295
2025-05-08,0.02044845022502653
2025-05-09,0.017927889365164023
2025-05-12,0.019794669902137893
2025-05-13,0.019783055167959352
2025-05-14,0.019776862590673894
2025-05-15,0.018954124099429117
2025-05-16,0.01751153438611295
2025-05-19,0.014953257440618374
2025-05-20,0.014430343162255593
2025-05-21,0.014485946085093985
2025-05-22,0.013842383754849866
2025-05-23,0.013611853279417281
2025-05-27,0.014466976916952692
2025-05-28,0.014563244894166353
2025-05-29,0.014348785065786643
2025-05-30,0.014091842902856698
2025-06-02,0.013947857372112227
2025-06-03,0.013707143203097325
2025-06-04,0.01347796138049998
2025-06-05,0.01437521328120984
2025-06-06,0.014888530782384168
2025-06-09,0.014938111515543603
2025-06-10,0.01180265673939668
2025-06-11,0.011800300875592888
2025-06-12,0.011573731265014852
2025-06-13,0.010867030220558157
2025-06-16,0.010978594725547451
2025-06-17,0.011106523787398187
2025-06-18,0.011045112024045069
2025-06-20,0.010445881383598277
2025-06-23,0.010575838865514062
2025-06-24,0.010192778533003353
2025-06-25,0.008878728617485331
2025-06-26,0.008948495523242327
2025-06-27,0.009032076088423867
2025-06-30,0.008912576459983713
2025-07-01,0.009036531816732224
2025-07-02,0.009075892428213609
2025-07-03,0.009161116743519115
2025-07-07,0.008575279702532874
2025-07-08,0.007507562059696521
2025-07-09,0.007432986183120494
2025-07-10,0.007115271042480579
2025-07-11,0.0070654768613739915
2025-07-14,0.007101147359103978
2025-07-15,0.006962213033568681
2025-07-16,0.006565629450457673
2025-07-17,0.006293358617542248
2025-07-18,0.006303518362244413
2025-07-21,0.005989859336967416
2025-07-22,0.005833828968776113
2025-07-23,0.006007838514281813
2025-07-24,0.006374391826177704
2025-07-25,0.006092338443197212
2025-07-28,0.006002684311514774
2025-07-29,0.006677621433880846
2025-07-30,0.006549323199048828
2025-07-31,0.006440179021309128
2025-08-01,0.009283078143542471
2025-08-04,0.00926827117063879
2025-08-05,0.00927188709316161
2025-08-06,0.009541834891752391
2025-08-07,0.009430284823487081
2025-08-08,0.009946737099419773
2025-08-11,0.009937930355870294
2025-08-12,0.010245516262531488
2025-08-13,0.010246952767655413
2025-08-14,0.010254886712201887
2025-08-15,0.010327159061410476
2025-08-18,0.010310784613723598
2025-08-19,0.010798116386344762
2025-08-20,0.01084493129109008
2025-08-21,0.010707618634414247
2025-08-22,0.011741867120649424
2025-08-25,0.01168221358245382
2025-08-26,0.011247256505979963
2025-08-27,0.011247011838354422
2025-08-28,0.011248142814827156
2025-08-29,0.0084532364751496
2025-09-02,0.008446536432327506
2025-09-03,0.008642754889080038
2025-09-04,0.008670420428807992
2025-09-05,0.00889494710073693
2025-09-08,0.008431379104161486
2025-09-09,0.00895611011630393
2025-09-10,0.008701384956372236
2025-09-11,0.0089099217649246
2025-09-12,0.009107937452498377
2025-09-15,0.00931343416850206
2025-09-16,0.009299241638740964
2025-09-17,0.008605956977678866
2025-09-18,0.008225236860239122
2025-09-19,0.008122444691342157
2025-09-22,0.0069556859361185296
2025-09-23,0.007405686788813232
2025-09-24,0.007402070580777036
2025-09-25,0.007755891040718389
2025-09-26,0.007797734785238156
2025-09-29,0.007492080887027496
2025-09-30,0.007051012475116339
2025-10-01,0.006825963831945978
2025-10-02,0.006609476764870942
2025-10-03,0.006347608385983673
2025-10-06,0.006526015484639858
2025-10-07,0.006178889168271272
2025-10-08,0.006157169680048136
2025-10-09,0.005871072650425777
2025-10-10,0.009699029530637275
2025-10-13,0.010401228184261608
2025-10-14,0.010610239247875993
2025-10-15,0.01069983534960128
2025-10-16,0.01081520759913833
2025-10-17,0.010771593075768445
2025-10-20,0.011270036020665964
2025-10-21,0.011150058039557053
2025-10-22,0.01117302802434375
2025-10-23,0.011150383369508134
2025-10-24,0.011168160856297191
2025-10-27,0.011959907070067785
2025-10-28,0.012064541118271628
2025-10-29,0.012073188001232261
2025-10-30,0.013527073334603687
2025-10-31,0.013585595447929722
2025-11-03,0.013456835843534324
2025-11-04,0.013883600072463791
2025-11-05,0.013850015401944353
2025-11-06,0.014314840610708222
2025-11-07,0.011886144400163022
2025-11-10,0.011785340455687238
2025-11-11,0.01148871973623844
2025-11-12,0.01154573714792533
2025-11-13,0.012619016912567997
2025-11-14,0.012535567722273154
2025-11-17,0.012065837601079004
2025-11-18,0.012436855298223951
2025-11-19,0.012453451903243347
2025-11-20,0.012576616508449484
2025-11-21,0.012570655504859595
2025-11-24,0.012693306505795945
2025-11-25,0.012645036862617889
2025-11-26,0.012701330331631093
2025-11-28,0.011616826340613574
2025-12-01,0.011494814019493982
2025-12-02,0.011476546395781438
2025-12-03,0.011038877242273702
2025-12-04,0.011022455494147588
2025-12-05,0.010383265180041174
2025-12-08,0.010516072330547398
2025-12-09,0.009547068599948189
2025-12-10,0.009643052804686003
2025-12-11,0.009577839158533757
2025-12-12,0.008040862821679566
2025-12-15,0.008003141378736863
2025-12-16,0.007888927215619682
2025-12-17,0.007779863605530259
2025-12-18,0.00807750116785114
2025-12-19,0.007341713912177468
2025-12-22,0.007310325848450825
2025-12-23,0.00609494082116025
2025-12-24,0.005934783214309203
2025-12-26,0.005889362961282976
2025-12-29,0.005958928963713224
2025-12-30,0.0058843409863751145
2025-12-31,0.006086086678540864
2026-01-02,0.005920842356603905
2026-01-05,0.00648180604506795
2026-01-06,0.006540207287876858
2026-01-07,0.006434357507609952
2026-01-08,0.006514790457541048
2026-01-09,0.0064896849493935186
2026-01-12,0.006551336575127491
2026-01-13,0.006696891609367269
2026-01-14,0.00702438186754235
2026-01-15,0.007034845476953943
2026-01-16,0.006313788325957837
2026-01-20,0.00772203534380823
2026-01-21,0.008108373298665596
2026-01-22,0.00888207840655352
2026-01-23,0.008805647900214588
2026-01-26,0.008816675619640493
2026-01-27,0.009358160060538983
2026-01-28,0.009344091912385518
2026-01-29,0.009342029123986777
2026-01-30,0.009262649725795663
2026-02-02,0.009273660990023368
2026-02-03,0.008869104052615316
2026-02-04,0.009152020800770787
2026-02-05,0.010008654840895947
2026-02-06,0.010425458618773873
2026-02-09,0.010587364216789567
2026-02-10,0.010605972901566934
2026-02-11,0.010524634289476675
2026-02-12,0.011168847002506999
2026-02-13,0.011154321321217108
2026-02-17,0.011166279798486186
2026-02-18,0.010335726458621424
2026-02-19,0.009879361288437171
2026-02-20,0.00926467230951979
2026-02-23,0.00952454494226834
2026-02-24,0.009555292879823719
2026-02-25,0.010075039565924534
2026-02-26,0.010107298069565085
2026-02-27,0.01015437165504103
2026-03-02,0.010248352062220367
2026-03-03,0.010292637198741579
2026-03-04,0.010593139244358743
2026-03-05,0.010343651861401328
2026-03-06,0.009905316204039434
2026-03-09,0.009572095471936617
2026-03-10,0.009286814377605665
2026-03-11,0.009373389266321457
2026-03-12,0.009994855666117186
2026-03-13,0.009212092982195025
2026-03-16,0.009671859076651938
2026-03-17,0.009747261275462871
2026-03-18,0.009903523224008283
2026-03-19,0.01004385611265393
2026-03-20,0.010249840363985513
2026-03-23,0.010200386724770017
2026-03-24,0.010154737427365907
2026-03-25,0.009346305303864063
2026-03-26,0.01042927447110677
2026-03-27,0.011304448513240844
2026-03-30,0.01120905215926135
2026-03-31,0.014424935106016572
2026-04-01,0.014282669932823499
2026-04-02,0.014291017596143983
2026-04-06,0.014076682866016486
2026-04-07,0.014126413624473547
2026-04-08,0.014606902289643618
2026-04-09,0.014761509210533898
2026-04-10,0.014245719820483737
2026-04-13,0.014261095411701017
2026-04-14,0.014505168378275854
2026-04-15,0.014844688088391157
2026-04-16,0.014416424886854243
2026-04-17,0.014204406706896636
2026-04-20,0.013533081453251836
2026-04-21,0.013487390591227047
2026-04-22,0.01345129310007476
2026-04-23,0.013954391307097183
2026-04-24,0.01227144884002138
2026-04-27,0.010156957662660513
2026-04-28,0.01008264471523379
2026-04-29,0.007625079008838958
2026-04-30,0.007940590350206585
2026-05-01,0.00757831938596371
2026-05-04,0.007719449211759727
2026-05-05,0.007775083886342789
2026-05-06,0.0076056485804105916
2026-05-07,0.007533323942250927
2026-05-08,0.00750718777681208
2026-05-11,0.00739082470134957
2026-05-12,0.006721407827303142
2026-05-13,0.006475115427047905
2026-05-14,0.006470233614398729
2026-05-15,0.0066719593417262175
2026-05-18,0.006615239452245511
2026-05-19,0.007227319846124083
2026-05-20,0.006734571757297813
2026-05-21,0.006027591484786628
2026-05-22,0.005649576213775326
2026-05-26,0.005764664552371497
2026-05-27,0.005799111470888474
2026-05-28,0.005812315844208474
2026-05-29,0.0057733197020454294
2026-06-01,0.0059786568662967545
2026-06-02,0.006159808263473113
2026-06-03,0.006364993859886568
2026-06-04,0.0066102369060030575
2026-06-05,0.009088305928533708
2026-06-08,0.008975506017012438
2026-06-09,0.009124607670666135
2026-06-10,0.009754156630871955
2026-06-11,0.009224539181527528
2026-06-12,0.009197712923604079
2026-06-15,0.010011192928474064
2026-06-16,0.010022802232933154
2026-06-17,0.01089884093247049
2026-06-18,0.010908480284742977
2026-06-22,0.011119948309268856
2026-06-23,0.01112153401039948
2026-06-24,0.011197458244074856
2026-06-25,0.011298008323657563
2026-06-26,0.011625966083225579
2026-06-29,0.012407815408907596
2026-06-30,0.012615307237398598
2026-07-01,0.013517716396007547
2026-07-02,0.013547794477670867
2026-07-06,0.013361302283772294
2026-07-07,0.011996373553290878
2026-07-08,0.01209742611476342
2026-07-09,0.012068004392723788
2026-07-10,0.011393735229347243
2026-07-13,0.011401734841284365
2026-07-14,0.011454664238236458
2026-07-15,0.01140644286103428
2026-07-16,0.01162154565819908
2026-07-17,0.010707130547882884
2026-07-20,0.010677199996763653
2026-07-21,0.010299531625778114
2026-07-22,0.010181522106399403
2026-07-23,0.013175547042578364
2026-07-24,0.012659045943805082
