Date,Rolling_Volatility_20D_Annualized
2020-01-03,
2020-01-06,
2020-01-07,
2020-01-08,
2020-01-09,
2020-01-10,
2020-01-13,
2020-01-14,
2020-01-15,
2020-01-16,
2020-01-17,
2020-01-21,
2020-01-22,
2020-01-23,
2020-01-24,
2020-01-27,
2020-01-28,
2020-01-29,
2020-01-30,
2020-01-31,0.15976423647432744
2020-02-03,0.17775224994430866
2020-02-04,0.19588897487337992
2020-02-05,0.19852670151045512
2020-02-06,0.19730192205342031
2020-02-07,0.19804310396360894
2020-02-10,0.20072396012580346
2020-02-11,0.19465172408860876
2020-02-12,0.1953691033864905
2020-02-13,0.19438970631101415
2020-02-14,0.19418037032091384
2020-02-18,0.19519408110933406
2020-02-19,0.20161083899473614
2020-02-20,0.2093078469898683
2020-02-21,0.22582362673335388
2020-02-24,0.2980545560159007
2020-02-25,0.31228748548678426
2020-02-26,0.3070245360492237
2020-02-27,0.37535382086838137
2020-02-28,0.3760100189465383
2020-03-02,0.4235773682183004
2020-03-03,0.4309238280172222
2020-03-04,0.445072158282206
2020-03-05,0.46077911630650875
2020-03-06,0.46438340258355126
2020-03-09,0.5475423849533376
2020-03-10,0.5875212591491437
2020-03-11,0.5962694518212286
2020-03-12,0.6759169458709611
2020-03-13,0.7639203732309954
2020-03-16,0.9030085879209574
2020-03-17,0.9336542710565998
2020-03-18,0.9402337521219526
2020-03-19,0.9632655680689237
2020-03-20,0.9650471566212938
2020-03-23,0.9569740316038419
2020-03-24,1.0435075693227815
2020-03-25,1.0454575008225124
2020-03-26,1.0454692050293468
2020-03-27,1.0519104067900575
2020-03-30,1.0379309359689568
2020-03-31,1.0330418424460621
2020-04-01,1.028355447433999
2020-04-02,1.0284099664684445
2020-04-03,1.0272617109659095
2020-04-06,1.017708384289996
2020-04-07,0.9976792128115386
2020-04-08,0.9957630050257259
2020-04-09,0.9169260528324653
2020-04-13,0.8696336621176893
2020-04-14,0.6638655263430749
2020-04-15,0.6486877963976195
2020-04-16,0.5822573023907959
2020-04-17,0.5750569706242288
2020-04-20,0.560390766173315
2020-04-21,0.5837858882425513
2020-04-22,0.4869403070312958
2020-04-23,0.48706424661657305
2020-04-24,0.46681075894033186
2020-04-27,0.4308960284522137
2020-04-28,0.4315513438923179
2020-04-29,0.44518661527859565
2020-04-30,0.38780160863359375
2020-05-01,0.4319577891061899
2020-05-04,0.42292458826386997
2020-05-05,0.3612516043731942
2020-05-06,0.3617527803497973
2020-05-07,0.3501568308625993
2020-05-08,0.35300501798375483
2020-05-11,0.3504949736800143
2020-05-12,0.3437484650788028
2020-05-13,0.35330796399426256
2020-05-14,0.3553921327766119
2020-05-15,0.35154783303822584
2020-05-18,0.34987862841214507
2020-05-19,0.3125480155707616
2020-05-20,0.3005749559280327
2020-05-21,0.3042584292970515
2020-05-22,0.30089792052711584
2020-05-26,0.2985775127927629
2020-05-27,0.2883557230431553
2020-05-28,0.2625080346409078
2020-05-29,0.26368221281078197
2020-06-01,0.20489755067324691
2020-06-02,0.1957330350186937
2020-06-03,0.19556233768373552
2020-06-04,0.20149718020214433
2020-06-05,0.22219552455156685
2020-06-08,0.21858560513162775
2020-06-09,0.21867756010395045
2020-06-10,0.20094340137188255
2020-06-11,0.29801887089051426
2020-06-12,0.29427567142297156
2020-06-15,0.2967959074002954
2020-06-16,0.28939123569750164
2020-06-17,0.2877923487687194
2020-06-18,0.27985665946133287
2020-06-19,0.27776461877946595
2020-06-22,0.27918320223143495
2020-06-23,0.2801009113833544
2020-06-24,0.302076359373586
2020-06-25,0.3036637627377643
2020-06-26,0.33978531295650577
2020-06-29,0.34027790956278403
2020-06-30,0.3501473604723378
2020-07-01,0.35151049295296255
2020-07-02,0.3501340068466905
2020-07-06,0.35487989651069146
2020-07-07,0.3557185133794631
2020-07-08,0.3571085271610663
2020-07-09,0.35624588611032887
2020-07-10,0.2731042351480593
2020-07-13,0.2823405329848508
2020-07-14,0.2816209455419247
2020-07-15,0.28061809020463796
2020-07-16,0.2827050931959046
2020-07-17,0.284265351673639
2020-07-20,0.2936063105109751
2020-07-21,0.2951617857774534
2020-07-22,0.29476019830029465
2020-07-23,0.29445455680220645
2020-07-24,0.2939348685326393
2020-07-27,0.24986156449935107
2020-07-28,0.25602469799824124
2020-07-29,0.24915367137951755
2020-07-30,0.2484576423045489
2020-07-31,0.2499410911836746
2020-08-03,0.2233632628991102
2020-08-04,0.21911869524983285
2020-08-05,0.21712317979403134
2020-08-06,0.22127788179529095
2020-08-07,0.21363011239707624
2020-08-10,0.206091450924049
2020-08-11,0.20948576602851318
2020-08-12,0.23472696687572314
2020-08-13,0.23219124085791995
2020-08-14,0.23050332212516655
2020-08-17,0.21850675269575556
2020-08-18,0.21693788114710633
2020-08-19,0.21898362826493176
2020-08-20,0.1882463500998422
2020-08-21,0.18055814312487986
2020-08-24,0.17548131168472292
2020-08-25,0.15957431382280873
2020-08-26,0.16131329736038308
2020-08-27,0.1572222486880911
2020-08-28,0.1550535108860267
2020-08-31,0.15429424309208292
2020-09-01,0.15382706464457666
2020-09-02,0.15380536914055135
2020-09-03,0.24905374921731577
2020-09-04,0.25074016162995755
2020-09-08,0.34103494287256164
2020-09-09,0.355217959320711
2020-09-10,0.34783203410490915
2020-09-11,0.34814224858410403
2020-09-14,0.3579101629790068
2020-09-15,0.3563050770130401
2020-09-16,0.35853131536885613
2020-09-17,0.36253962128108536
2020-09-18,0.35943163519730814
2020-09-21,0.35686493469783936
2020-09-22,0.3559813860348512
2020-09-23,0.3757691084572153
2020-09-24,0.36888224142852954
2020-09-25,0.3848168608909189
2020-09-28,0.39011767985605955
2020-09-29,0.38610964857887803
2020-09-30,0.3886187225411817
2020-10-01,0.38962875867441593
2020-10-02,0.3610249858736417
2020-10-05,0.3728274363016998
2020-10-06,0.3050825151356509
2020-10-07,0.2867231855050391
2020-10-08,0.2783772353391222
2020-10-09,0.2787011525072528
2020-10-12,0.28381316175903043
2020-10-13,0.28270133281944393
2020-10-14,0.27888609345282395
2020-10-15,0.27159825513831504
2020-10-16,0.27032320374209784
2020-10-19,0.28286929864056676
2020-10-20,0.2830837681791449
2020-10-21,0.23978935760849104
2020-10-22,0.2400254574240881
2020-10-23,0.22605305363270303
2020-10-26,0.2325345632604724
2020-10-27,0.23288788352715928
2020-10-28,0.284946295733168
2020-10-29,0.29401188697035835
2020-10-30,0.2926568008357969
2020-11-02,0.2812494366291596
2020-11-03,0.28451279053732276
2020-11-04,0.31286155944859717
2020-11-05,0.32050261070206876
2020-11-06,0.3201383842692593
2020-11-09,0.30518912114320884
2020-11-10,0.31147883220528094
2020-11-11,0.31458836234746207
2020-11-12,0.315398222708061
2020-11-13,0.31472352312900354
2020-11-16,0.30539104837956577
2020-11-17,0.30523943644540685
2020-11-18,0.30585062407999664
2020-11-19,0.30505230763580965
2020-11-20,0.30924087996528143
2020-11-23,0.30123617832437544
2020-11-24,0.310827043526487
2020-11-25,0.24857553681646985
2020-11-27,0.24182031566297554
2020-11-30,0.22478519572287894
2020-12-01,0.22833612468905987
2020-12-02,0.22173691285221622
2020-12-03,0.1817680628001665
2020-12-04,0.1674515289766376
2020-12-07,0.16571003815117855
2020-12-08,0.16561557826987114
2020-12-09,0.1726842425663173
2020-12-10,0.16783149388039284
2020-12-11,0.16556811382824532
2020-12-14,0.16546119984582847
2020-12-15,0.163981561723033
2020-12-16,0.16398536409879916
2020-12-17,0.16266832681687368
2020-12-18,0.1633674021644663
2020-12-21,0.15452340501549983
2020-12-22,0.15396674994245169
2020-12-23,0.12980389522059285
2020-12-24,0.12990156849651852
2020-12-28,0.13906559752339492
2020-12-29,0.1296717279553954
2020-12-30,0.11592495491546306
2020-12-31,0.11424580872271806
2021-01-04,0.11785232417200685
2021-01-05,0.12181720120076837
2021-01-06,0.12153378527193791
2021-01-07,0.16149857543654972
2021-01-08,0.13853581640101342
2021-01-11,0.1518305555029168
2021-01-12,0.149666675892363
2021-01-13,0.14993886294592804
2021-01-14,0.15295395523844893
2021-01-15,0.160719111413228
2021-01-19,0.16749019131223325
2021-01-20,0.18054782496028762
2021-01-21,0.1797225069831585
2021-01-22,0.17838299041040098
2021-01-25,0.1784713919058717
2021-01-26,0.17938032554994837
2021-01-27,0.2007555762382262
2021-01-28,0.20029424197045487
2021-01-29,0.21855144317189693
2021-02-01,0.23161302146094345
2021-02-02,0.2352129186218522
2021-02-03,0.234255841087528
2021-02-04,0.2325787679706202
2021-02-05,0.20919000372772076
2021-02-08,0.20967014946099452
2021-02-09,0.20207790074593862
2021-02-10,0.20226065560596992
2021-02-11,0.20200943539366292
2021-02-12,0.19827376218515305
2021-02-16,0.19079967184973673
2021-02-17,0.1861748620373791
2021-02-18,0.17420341227535266
2021-02-19,0.17452496194584546
2021-02-22,0.1858741292033363
2021-02-23,0.18417692705856703
2021-02-24,0.19054048153373357
2021-02-25,0.21593303430414063
2021-02-26,0.2160549383217064
2021-03-01,0.2203739481751849
2021-03-02,0.21639099950896049
2021-03-03,0.21810773124750554
2021-03-04,0.21606393837213053
2021-03-05,0.22272269659296634
2021-03-08,0.2386162159018937
2021-03-09,0.27952285291089846
2021-03-10,0.2796494837505305
2021-03-11,0.2902159900137619
2021-03-12,0.29064100363119205
2021-03-15,0.2912635727759026
2021-03-16,0.29080715066839463
2021-03-17,0.29206417980880023
2021-03-18,0.3060739979991767
2021-03-19,0.306461717024689
2021-03-22,0.30204904506564095
2021-03-23,0.30234320985144647
2021-03-24,0.30132216895704106
2021-03-25,0.2695458571344957
2021-03-26,0.270906864510371
2021-03-29,0.25191722758913565
2021-03-30,0.24503903434650554
2021-03-31,0.23714056273660947
2021-04-01,0.23908736502471306
2021-04-05,0.24346632305948154
2021-04-06,0.21892294475869445
2021-04-07,0.17540704372493324
2021-04-08,0.1756765001781586
2021-04-09,0.1652662318005626
2021-04-12,0.16306371645172402
2021-04-13,0.16742499093588956
2021-04-14,0.1771430467389649
2021-04-15,0.18516883477900886
2021-04-16,0.14882899947921271
2021-04-19,0.15790281280801796
2021-04-20,0.1606775938225576
2021-04-21,0.15980126041747253
2021-04-22,0.16713393619473446
2021-04-23,0.17088527737390888
2021-04-26,0.1703297049940765
2021-04-27,0.17300726009016126
2021-04-28,0.1713163334482641
2021-04-29,0.17000573452503942
2021-04-30,0.1691183082816678
2021-05-03,0.1581526090473576
2021-05-04,0.16405331900133963
2021-05-05,0.16194657943824545
2021-05-06,0.16338569493172012
2021-05-07,0.1623366543264606
2021-05-10,0.1845805210939282
2021-05-11,0.17966001585852523
2021-05-12,0.1903455957737036
2021-05-13,0.1764421181564401
2021-05-14,0.19857811694326463
2021-05-17,0.19585045317893765
2021-05-18,0.19819591517400695
2021-05-19,0.19479914162145537
2021-05-20,0.19321396412381736
2021-05-21,0.1843304008831199
2021-05-24,0.19815226496176536
2021-05-25,0.1975956074422583
2021-05-26,0.19795540259800434
2021-05-27,0.19381467136864092
2021-05-28,0.1925366401760484
2021-06-01,0.19247986096553438
2021-06-02,0.18706451966828752
2021-06-03,0.18986321671375264
2021-06-04,0.19543322509050995
2021-06-07,0.1939612765261356
2021-06-08,0.1712425690905783
2021-06-09,0.16652439975136993
2021-06-10,0.139666294437069
2021-06-11,0.13990557995294373
2021-06-14,0.12000723205357501
2021-06-15,0.1217754736239027
2021-06-16,0.11220887984617023
2021-06-17,0.11044337361107733
2021-06-18,0.11352086102131394
2021-06-21,0.11595946784066198
2021-06-22,0.10108496665639533
2021-06-23,0.10136323538412817
2021-06-24,0.1019389205704623
2021-06-25,0.10249880117024743
2021-06-28,0.1076649107971653
2021-06-29,0.10896046834603085
2021-06-30,0.10910657685102264
2021-07-01,0.10053129629004018
2021-07-02,0.09413587761718965
2021-07-06,0.0947707191205446
2021-07-07,0.09668222413395561
2021-07-08,0.10217081268316372
2021-07-09,0.10477152327534682
2021-07-12,0.10738189049973773
2021-07-13,0.10957928575000297
2021-07-14,0.11074812550485175
2021-07-15,0.11751734187177135
2021-07-16,0.1303644257982171
2021-07-19,0.13402415214096958
2021-07-20,0.13604626656391247
2021-07-21,0.13694941680667086
2021-07-22,0.13598866032934173
2021-07-23,0.1390419022649439
2021-07-26,0.13917625389985236
2021-07-27,0.14019214940178748
2021-07-28,0.1406021545519373
2021-07-29,0.14088636411478117
2021-07-30,0.1473143296929422
2021-08-02,0.1423208093710889
2021-08-03,0.14488587707889827
2021-08-04,0.14459007401922316
2021-08-05,0.14283536269993716
2021-08-06,0.13906093686744572
2021-08-09,0.13436493301443256
2021-08-10,0.13352192702785737
2021-08-11,0.13227896087236932
2021-08-12,0.13029984352241258
2021-08-13,0.11639641027888545
2021-08-16,0.10270066019606654
2021-08-17,0.10931946534211191
2021-08-18,0.10717514301594189
2021-08-19,0.10644085068238889
2021-08-20,0.1100227283845248
2021-08-23,0.12861968126619253
2021-08-24,0.12144839749334535
2021-08-25,0.12118525874630984
2021-08-26,0.12383634686649266
2021-08-27,0.12097544471333163
2021-08-30,0.12326573436284351
2021-08-31,0.12316822312923262
2021-09-01,0.12304998195357045
2021-09-02,0.12244090612269576
2021-09-03,0.12221269266925902
2021-09-07,0.12217586589775008
2021-09-08,0.12535891129090954
2021-09-09,0.12579177243316894
2021-09-10,0.13148270892596095
2021-09-13,0.1332658637916917
2021-09-14,0.1335389821773388
2021-09-15,0.12698421111840016
2021-09-16,0.12090555188410695
2021-09-17,0.12972999006003372
2021-09-20,0.157808700814809
2021-09-21,0.14077734467152755
2021-09-22,0.14515263181268798
2021-09-23,0.1517768681771647
2021-09-24,0.15109852066629967
2021-09-27,0.14374441002096325
2021-09-28,0.16261636184735442
2021-09-29,0.1625430548835352
2021-09-30,0.16404879077814405
2021-10-01,0.1717314824420787
2021-10-04,0.18214677847338814
2021-10-05,0.1905604769707418
2021-10-06,0.19121271692659605
2021-10-07,0.19469816895387151
2021-10-08,0.19108786281681256
2021-10-11,0.19080093466465778
2021-10-12,0.19091426124838234
2021-10-13,0.18629699302787717
2021-10-14,0.20121798876627778
2021-10-15,0.20152415235257262
2021-10-18,0.1768850283952725
2021-10-19,0.17717535459014924
2021-10-20,0.17541881041826182
2021-10-21,0.17225390365293672
2021-10-22,0.17470280663356988
2021-10-25,0.18158676023567383
2021-10-26,0.15444565754347192
2021-10-27,0.15322011403973906
2021-10-28,0.14910928063032802
2021-10-29,0.14726508118080844
2021-11-01,0.11616312305280904
2021-11-02,0.11383822950127079
2021-11-03,0.11446729704831929
2021-11-04,0.12111795741438257
2021-11-05,0.12022142145199421
2021-11-08,0.11149855968424938
2021-11-09,0.12355307602782825
2021-11-10,0.14153316468679134
2021-11-11,0.1310357881840268
2021-11-12,0.12869227008733583
2021-11-15,0.1280830734034511
2021-11-16,0.12792110738872797
2021-11-17,0.12864985369840498
2021-11-18,0.13421858845331253
2021-11-19,0.12814129802737925
2021-11-22,0.12533277524176392
2021-11-23,0.12353490609793684
2021-11-24,0.12387579458311812
2021-11-26,0.16151091290289865
2021-11-29,0.17804482491652276
2021-11-30,0.18634700924858705
2021-12-01,0.19586466260884813
2021-12-02,0.19430564463723712
2021-12-03,0.1933984358873564
2021-12-06,0.19768985927307245
2021-12-07,0.22518604611641405
2021-12-08,0.22197599690692235
2021-12-09,0.221019111569764
2021-12-10,0.22184546473323605
2021-12-13,0.23274586902597436
2021-12-14,0.2333034089865795
2021-12-15,0.24655124640826778
2021-12-16,0.2608444515271393
2021-12-17,0.25565458303887756
2021-12-20,0.25847486231494843
2021-12-21,0.27472169558723525
2021-12-22,0.28130940920280817
2021-12-23,0.2828820275328367
2021-12-27,0.26921800882342495
2021-12-28,0.2571989832590194
2021-12-29,0.2516814367664009
2021-12-30,0.24474658314878045
2021-12-31,0.2459451550980954
2022-01-03,0.24971960863863102
2022-01-04,0.2508250074977134
2022-01-05,0.2536704921028062
2022-01-06,0.25273958931257945
2022-01-07,0.25099739658810527
2022-01-10,0.2502427169530184
2022-01-11,0.24510570278618246
2022-01-12,0.24533494882764714
2022-01-13,0.25208719723382966
2022-01-14,0.2379686699698166
2022-01-18,0.2499227907890094
2022-01-19,0.24822385742976147
2022-01-20,0.23426814098178178
2022-01-21,0.2420174510963964
2022-01-24,0.23789144757572475
2022-01-25,0.22635230543178853
2022-01-26,0.23042961493088393
2022-01-27,0.23231915410024678
2022-01-28,0.2598321665092785
2022-01-31,0.2923473765416894
2022-02-01,0.27729020013403055
2022-02-02,0.2816402644719413
2022-02-03,0.3251162143172649
2022-02-04,0.33836146011748397
2022-02-07,0.33834514577999825
2022-02-08,0.3395260961966098
2022-02-09,0.34212483892634465
2022-02-10,0.3458053986796838
2022-02-11,0.3468820996248124
2022-02-14,0.3462450894465424
2022-02-15,0.3501552823837235
2022-02-16,0.34817829301890973
2022-02-17,0.3648523128067552
2022-02-18,0.35409840889313476
2022-02-22,0.3564442163821866
2022-02-23,0.3637151501975129
2022-02-24,0.37584047791806213
2022-02-25,0.3791159892532268
2022-02-28,0.36697456551774327
2022-03-01,0.34697248335488057
2022-03-02,0.35145672827313823
2022-03-03,0.34916028512661407
2022-03-04,0.2949661261250279
2022-03-07,0.3043386455845761
2022-03-08,0.3044135106469197
2022-03-09,0.3271598950440872
2022-03-10,0.31749759837130714
2022-03-11,0.31943296351640393
2022-03-14,0.3118868914126705
2022-03-15,0.32924992914512446
2022-03-16,0.34252800305928677
2022-03-17,0.34891345709230714
2022-03-18,0.3377045455047757
2022-03-21,0.33399707728648725
2022-03-22,0.3336974251540769
2022-03-23,0.31770827780111294
2022-03-24,0.3158529131469545
2022-03-25,0.3114224894727619
2022-03-28,0.31275295083908095
2022-03-29,0.3041893449607963
2022-03-30,0.30255015259582496
2022-03-31,0.30757677723775045
2022-04-01,0.3042780969404113
2022-04-04,0.26739880103849883
2022-04-05,0.2817149079099138
2022-04-06,0.2849316295178517
2022-04-07,0.2842767448449498
2022-04-08,0.27062475809298586
2022-04-11,0.2866341120961004
2022-04-12,0.27535622785415326
2022-04-13,0.2545762901556225
2022-04-14,0.26037192288848793
2022-04-18,0.24940996376224592
2022-04-19,0.2570835726551825
2022-04-20,0.2538134256464128
2022-04-21,0.26233900672791244
2022-04-22,0.2560913424599199
2022-04-25,0.25828318664945416
2022-04-26,0.2822935619747411
2022-04-27,0.2761582153579706
2022-04-28,0.3340564248802873
2022-04-29,0.3594058306737083
2022-05-02,0.37110084194695825
2022-05-03,0.3601533053466172
2022-05-04,0.3863654315913093
2022-05-05,0.41817302205569334
2022-05-06,0.41713837719006963
2022-05-09,0.44597859331674367
2022-05-10,0.44233170798943366
2022-05-11,0.4501765007887256
2022-05-12,0.4426388544211973
2022-05-13,0.4689132494776221
2022-05-16,0.4658292566301529
2022-05-17,0.47357012309905583
2022-05-18,0.49582487446526513
2022-05-19,0.493408444105807
2022-05-20,0.4881351598511647
2022-05-23,0.4970925792380024
2022-05-24,0.484209991899028
2022-05-25,0.49046891158436245
2022-05-26,0.47304093233270866
2022-05-27,0.463283698722216
2022-05-31,0.45716988224404276
2022-06-01,0.4566735185861735
2022-06-02,0.44904600934493655
2022-06-03,0.42192928638971927
2022-06-06,0.423033601341625
2022-06-07,0.3803314399427904
2022-06-08,0.37986465495142097
2022-06-09,0.37715975773897575
2022-06-10,0.40330730209574006
2022-06-13,0.41776602431116533
2022-06-14,0.417537048488269
2022-06-15,0.4168947750221023
2022-06-16,0.4059586449103204
2022-06-17,0.40672196632655305
2022-06-21,0.42830370607652246
2022-06-22,0.4191141531422426
2022-06-23,0.40938350550859737
2022-06-24,0.4241353192969099
2022-06-27,0.4109812628678612
2022-06-28,0.4017905797186388
2022-06-29,0.40163301212717617
2022-06-30,0.40531851946020075
2022-07-01,0.3902294757374598
2022-07-05,0.38593409234874126
2022-07-06,0.3848528869275107
2022-07-07,0.3961050247093203
2022-07-08,0.3965550337994932
2022-07-11,0.39597164907530974
2022-07-12,0.37338205734569163
2022-07-13,0.3237017368000094
2022-07-14,0.3244214570777224
2022-07-15,0.3229587105660409
2022-07-18,0.28387021009631946
2022-07-19,0.3034443907078313
2022-07-20,0.2829694103518955
2022-07-21,0.2839074914949501
2022-07-22,0.2998775106444766
2022-07-25,0.27435649527939043
2022-07-26,0.28775637142927424
2022-07-27,0.3128278531373462
2022-07-28,0.3123295294596577
2022-07-29,0.3099533702309191
2022-08-01,0.31260182717625146
2022-08-02,0.31180653572655276
2022-08-03,0.31723564841003354
2022-08-04,0.3088791434628128
2022-08-05,0.3116839120171694
2022-08-08,0.29252819965197957
2022-08-09,0.29022228565407077
2022-08-10,0.30177790434685475
2022-08-11,0.3012936705519757
2022-08-12,0.29999917529285697
2022-08-15,0.2981393701383512
2022-08-16,0.28300274363374495
2022-08-17,0.28547424411298994
2022-08-18,0.28263313575804255
2022-08-19,0.2804473234131875
2022-08-22,0.2964020400691601
2022-08-23,0.27953868526430087
2022-08-24,0.22956108372478062
2022-08-25,0.23707325403243096
2022-08-26,0.2651030415170204
2022-08-29,0.2656682709815919
2022-08-30,0.26986304009725903
2022-08-31,0.2558437449132668
2022-09-01,0.25571317845074343
2022-09-02,0.25762903726224873
2022-09-06,0.25747976065619893
2022-09-07,0.2665928631922625
2022-09-08,0.24118900178052669
2022-09-09,0.25695857549000917
2022-09-12,0.24585650831030756
2022-09-13,0.3123466698032797
2022-09-14,0.3153958260784813
2022-09-15,0.3154185702693523
2022-09-16,0.3135594416074663
2022-09-19,0.31261793607469796
2022-09-20,0.3047976818148435
2022-09-21,0.30874253187258355
2022-09-22,0.30776728163867156
2022-09-23,0.2992833175863751
2022-09-26,0.27115703251601514
2022-09-27,0.27279677332103536
2022-09-28,0.28775064689887664
2022-09-29,0.30235720492916474
2022-09-30,0.30428104136117967
2022-10-03,0.31404039073050843
2022-10-04,0.3387402332799096
2022-10-05,0.3320851306402227
2022-10-06,0.32978905008291554
2022-10-07,0.34236195230325106
2022-10-10,0.3346576717889334
2022-10-11,0.27917088658708633
2022-10-12,0.2766562872156263
2022-10-13,0.29987546279744776
2022-10-14,0.31444317285701445
2022-10-17,0.35306300139566726
2022-10-18,0.3544871819047575
2022-10-19,0.34885273784097426
2022-10-20,0.3482276350364483
2022-10-21,0.35058030233879894
2022-10-24,0.3491361692615969
2022-10-25,0.35621912640122916
2022-10-26,0.36372998006220314
2022-10-27,0.3728713967731226
2022-10-28,0.3772504227767405
2022-10-31,0.3754693448596744
2022-11-01,0.3562857168567397
2022-11-02,0.3724416911519006
2022-11-03,0.37373024829824925
2022-11-04,0.35309797128414533
2022-11-07,0.35368889625972905
2022-11-08,0.34907409746062495
2022-11-09,0.36284403327611164
2022-11-10,0.43608598566356094
2022-11-11,0.4227475971214441
2022-11-14,0.39977100989416264
2022-11-15,0.40018991007263277
2022-11-16,0.4032984066485773
2022-11-17,0.4031205429853227
2022-11-18,0.39351314544274035
2022-11-21,0.39740971517749835
2022-11-22,0.3947872028046824
2022-11-23,0.3881556916226222
2022-11-25,0.36319713428270156
2022-11-28,0.3601120568004938
2022-11-29,0.35690252805952205
2022-11-30,0.39561921105886555
2022-12-01,0.37265383107065514
2022-12-02,0.3680964347020317
2022-12-05,0.3778110912197623
2022-12-06,0.38896917493261446
2022-12-07,0.38979685795794033
2022-12-08,0.37655441186406097
2022-12-09,0.2760074716221977
2022-12-12,0.27000398649325075
2022-12-13,0.27054781953884227
2022-12-14,0.2695798150729831
2022-12-15,0.28534103372106756
2022-12-16,0.28678775752979496
2022-12-19,0.2899439645090186
2022-12-20,0.28346225914927525
2022-12-21,0.28060927584759354
2022-12-22,0.2907010970559344
2022-12-23,0.2928548316886763
2022-12-27,0.2993909311064886
2022-12-28,0.29954727210065046
2022-12-29,0.2550734554653012
2022-12-30,0.25629716186320345
2023-01-03,0.25934051760598154
2023-01-04,0.25446749198263974
2023-01-05,0.2476165104439924
2023-01-06,0.26437446322139196
2023-01-09,0.2632724816041048
2023-01-10,0.26726250354742415
2023-01-11,0.2789029406170803
2023-01-12,0.2783984336921386
2023-01-13,0.27964577504757554
2023-01-17,0.2592750190038648
2023-01-18,0.26277709828547485
2023-01-19,0.2574723106626332
2023-01-20,0.2765130258644159
2023-01-23,0.28373490527407424
2023-01-24,0.25063622802807445
2023-01-25,0.2522010140742419
2023-01-26,0.24202720885261048
2023-01-27,0.2393202729273054
2023-01-30,0.25820835632086064
2023-01-31,0.26259918048878783
2023-02-01,0.24986644826255872
2023-02-02,0.2748520085010392
2023-02-03,0.2703470660722468
2023-02-06,0.27067817127976646
2023-02-07,0.2754087259979962
2023-02-08,0.288713861706178
2023-02-09,0.2906677589260076
2023-02-10,0.2949369671961606
2023-02-13,0.29556529542433446
2023-02-14,0.29602567568586996
2023-02-15,0.28374337214644646
2023-02-16,0.3019351443948427
2023-02-17,0.29184860360214077
2023-02-21,0.2997265151469908
2023-02-22,0.2998046900373611
2023-02-23,0.3032011059739812
2023-02-24,0.2926122816662509
2023-02-27,0.2861675358891136
2023-02-28,0.26665590107899856
2023-03-01,0.2611022934302951
2023-03-02,0.252493666078795
2023-03-03,0.22144574213735327
2023-03-06,0.21723626845613433
2023-03-07,0.223520341144785
2023-03-08,0.20383894459726673
2023-03-09,0.2135651593747382
2023-03-10,0.213696084161219
2023-03-13,0.2145394681932288
2023-03-14,0.23715169777902756
2023-03-15,0.23262401736236704
2023-03-16,0.25434562949834394
2023-03-17,0.2439499217479258
2023-03-20,0.2439649748899595
2023-03-21,0.24386756042229418
2023-03-22,0.25137715784518366
2023-03-23,0.246022505920021
2023-03-24,0.23884605398433106
2023-03-27,0.2381399635659339
2023-03-28,0.23992042388926033
2023-03-29,0.240601773080175
2023-03-30,0.2411056898143673
2023-03-31,0.23421541475991176
2023-04-03,0.2340446964231283
2023-04-04,0.22545358570543933
2023-04-05,0.22859417932948473
2023-04-06,0.20572982150154867
2023-04-10,0.20144551627513085
2023-04-11,0.20461092407662462
2023-04-12,0.18825868566038
2023-04-13,0.19638037092910202
2023-04-14,0.17601365811881264
2023-04-17,0.1695199286969806
2023-04-18,0.16931828754127934
2023-04-19,0.14631596133524014
2023-04-20,0.14922918438835978
2023-04-21,0.1476100117918691
2023-04-24,0.14753936553391486
2023-04-25,0.1634449572812164
2023-04-26,0.16168747693987004
2023-04-27,0.19955195040486773
2023-04-28,0.19873658713979153
2023-05-01,0.18919091894614148
2023-05-02,0.19411955743697515
2023-05-03,0.19598219010361545
2023-05-04,0.1955617717167079
2023-05-05,0.2105649365079647
2023-05-08,0.21059422735559993
2023-05-09,0.21095727117620758
2023-05-10,0.20945614917186092
2023-05-11,0.19850108695286697
2023-05-12,0.19971606804989253
2023-05-15,0.19961375323729286
2023-05-16,0.19957532352551585
2023-05-17,0.20939709069070592
2023-05-18,0.2030676000869566
2023-05-19,0.20386205702845334
2023-05-22,0.20347429671938067
2023-05-23,0.19256705432409735
2023-05-24,0.19332666865547932
2023-05-25,0.17423023499352847
2023-05-26,0.184602791140403
2023-05-30,0.18404093228777138
2023-05-31,0.17928422115832388
2023-06-01,0.17911936031259643
2023-06-02,0.17322538014058528
2023-06-05,0.16315938381439093
2023-06-06,0.164333703967589
2023-06-07,0.17507819884853398
2023-06-08,0.1768241800967211
2023-06-09,0.1768272863503727
2023-06-12,0.17203190020368794
2023-06-13,0.17181449315198347
2023-06-14,0.17404503257396398
2023-06-15,0.1680852577906543
2023-06-16,0.1687373607976553
2023-06-20,0.167137005942188
2023-06-21,0.17646803216999513
2023-06-22,0.16985883663981052
2023-06-23,0.17567168627639412
2023-06-26,0.17573362494847988
2023-06-27,0.1697578745589314
2023-06-28,0.16890877345501445
2023-06-29,0.1647896085642335
2023-06-30,0.16165186671503057
2023-07-03,0.1592191886551568
2023-07-05,0.15905114805049697
2023-07-06,0.1654236586795648
2023-07-07,0.15458219956777247
2023-07-10,0.15229668599582494
2023-07-11,0.15283453581603088
2023-07-12,0.15276197722898327
2023-07-13,0.15829602494028366
2023-07-14,0.15758166093325207
2023-07-17,0.15655423183211778
2023-07-18,0.1555606594958279
2023-07-19,0.15487637134175947
2023-07-20,0.1774043743081342
2023-07-21,0.17712187763000328
2023-07-24,0.17513514920785578
2023-07-25,0.15720656508424463
2023-07-26,0.15032565390635544
2023-07-27,0.15107839947906665
2023-07-28,0.16132080919747743
2023-07-31,0.15373957782583728
2023-08-01,0.15591722977809633
2023-08-02,0.17749248197240686
2023-08-03,0.17289275749512245
2023-08-04,0.17243763799885645
2023-08-07,0.1712140132956637
2023-08-08,0.17350274597939366
2023-08-09,0.17925881686056663
2023-08-10,0.17072359621799454
2023-08-11,0.1700738274855037
2023-08-14,0.17278301733344212
2023-08-15,0.17568516911295526
2023-08-16,0.17950234841623694
2023-08-17,0.16227236209703458
2023-08-18,0.16105992028898752
2023-08-21,0.17661838414453923
2023-08-22,0.17588542361268666
2023-08-23,0.1832967238363803
2023-08-24,0.19102721982169263
2023-08-25,0.17859761359385193
2023-08-28,0.1806215901143165
2023-08-29,0.20128010798932924
2023-08-30,0.18500584007727547
2023-08-31,0.18460714548902693
2023-09-01,0.18515322847723606
2023-09-05,0.18462364800704817
2023-09-06,0.18761669137336318
2023-09-07,0.1789548633207288
2023-09-08,0.1788375636625253
2023-09-11,0.18663745217669447
2023-09-12,0.18375835543195715
2023-09-13,0.1754748197000081
2023-09-14,0.16961261167175118
2023-09-15,0.17664580695448312
2023-09-18,0.17604966152767845
2023-09-19,0.1631784738241055
2023-09-20,0.17121637541251075
2023-09-21,0.1744887820493955
2023-09-22,0.16467122415705382
2023-09-25,0.1661109922548827
2023-09-26,0.17219593908590863
2023-09-27,0.14808618839738324
2023-09-28,0.1525044829446673
2023-09-29,0.152548184692996
2023-10-02,0.1604028635122712
2023-10-03,0.16768526318256646
2023-10-04,0.17009953614009332
2023-10-05,0.16982353130096062
2023-10-06,0.17828434078829786
2023-10-09,0.1690842233394843
2023-10-10,0.16787100940154126
2023-10-11,0.16756441475959813
2023-10-12,0.16269094369899728
2023-10-13,0.15466934861564505
2023-10-16,0.1580520349049655
2023-10-17,0.15853303247663492
2023-10-18,0.16070502780490933
2023-10-19,0.1567988669226708
2023-10-20,0.16973057009525555
2023-10-23,0.16738251413644384
2023-10-24,0.1610353606242188
2023-10-25,0.18213299623008336
2023-10-26,0.19207708415274197
2023-10-27,0.1942896869272923
2023-10-30,0.19199703687895456
2023-10-31,0.18484900023310674
2023-11-01,0.1912279736860812
2023-11-02,0.20359515760871089
2023-11-03,0.19760339835000545
2023-11-06,0.1975416900931924
2023-11-07,0.1989427747624495
2023-11-08,0.1977775446669602
2023-11-09,0.19923103772146172
2023-11-10,0.20933162239103476
2023-11-13,0.20717941803806003
2023-11-14,0.21543691724399586
2023-11-15,0.20566549053757952
2023-11-16,0.19852754038338363
2023-11-17,0.18276457694109333
2023-11-20,0.18342581835376226
2023-11-21,0.1840825678654148
2023-11-22,0.15311150676727867
2023-11-24,0.12030991500416001
2023-11-27,0.1224153118755003
2023-11-28,0.12103498808427553
2023-11-29,0.1298771047599806
2023-11-30,0.12324226254665942
2023-12-01,0.11094066896677833
2023-12-04,0.11999220116110332
2023-12-05,0.12088749852630006
2023-12-06,0.12481441455580557
2023-12-07,0.13341073924337363
2023-12-08,0.13010481731317777
2023-12-11,0.1228488249687742
2023-12-12,0.12375128391698023
2023-12-13,0.10914688408415488
2023-12-14,0.10928858000029139
2023-12-15,0.11044186769675073
2023-12-18,0.11502362391085984
2023-12-19,0.11354603169701281
2023-12-20,0.12457861235261448
2023-12-21,0.13019281082605982
2023-12-22,0.12944276197936883
2023-12-26,0.12949392877847235
2023-12-27,0.12850575450434215
2023-12-28,0.12476125740659882
2023-12-29,0.1258080617911184
2024-01-02,0.1285494519126312
2024-01-03,0.12349903560132715
2024-01-04,0.12328802449119439
2024-01-05,0.11803974289392626
2024-01-08,0.12142695628458348
2024-01-09,0.11944170793997826
2024-01-10,0.11391143371557383
2024-01-11,0.11381372149145495
2024-01-12,0.11438528014654097
2024-01-16,0.11546871901159371
2024-01-17,0.11598939938968185
2024-01-18,0.11365975128311004
2024-01-19,0.11882838477807858
2024-01-22,0.10689449270515064
2024-01-23,0.10139825851177274
2024-01-24,0.10385587951325723
2024-01-25,0.109548844059779
2024-01-26,0.10941632262504773
2024-01-29,0.11560099844481762
2024-01-30,0.11360932793018043
2024-01-31,0.14139257121815618
2024-02-01,0.14163049526736235
2024-02-02,0.1787723402431939
2024-02-05,0.18109477743175462
2024-02-06,0.17404807228677585
2024-02-07,0.17785847053754206
2024-02-08,0.1763653619378988
2024-02-09,0.17731769925012883
2024-02-12,0.17784834593950927
2024-02-13,0.1858421033407181
2024-02-14,0.18566542213704984
2024-02-15,0.18601065489908208
2024-02-16,0.18649912124633736
2024-02-20,0.19193190474354835
2024-02-21,0.19159747959522563
2024-02-22,0.2158737852956261
2024-02-23,0.2131436248702229
2024-02-26,0.2142029363139159
2024-02-27,0.2118631321231106
2024-02-28,0.21352821448822867
2024-02-29,0.19197166350226455
2024-03-01,0.19127481708975008
2024-03-04,0.16451821293597627
2024-03-05,0.17078840171676685
2024-03-06,0.1706917834787594
2024-03-07,0.1732414685836373
2024-03-08,0.17584248544303951
2024-03-11,0.17268209335368792
2024-03-12,0.1801847215208118
2024-03-13,0.17357074016245835
2024-03-14,0.1702629485209856
2024-03-15,0.16928070178168939
2024-03-18,0.1766136951573365
2024-03-19,0.17149296781214335
2024-03-20,0.17483113859713023
2024-03-21,0.14129941966721504
2024-03-22,0.14024648781165633
2024-03-25,0.14013708778257566
2024-03-26,0.14032106591856852
2024-03-27,0.13829313515301464
2024-03-28,0.13728826556583462
2024-04-01,0.1361050945817163
2024-04-02,0.13473981662392737
2024-04-03,0.1246228235008367
2024-04-04,0.12927640489343253
2024-04-05,0.12318231139663872
2024-04-08,0.1188417055919837
2024-04-09,0.11828070339510818
2024-04-10,0.10839305222425351
2024-04-11,0.11444979828518473
2024-04-12,0.13528062603954416
2024-04-15,0.14801583701661708
2024-04-16,0.13578426153529746
2024-04-17,0.13590073614442563
2024-04-18,0.12748966884034438
2024-04-19,0.1398927727411454
2024-04-22,0.14096389679658633
2024-04-23,0.1523167294878943
2024-04-24,0.15655742567225675
2024-04-25,0.15641536300724768
2024-04-26,0.17004705269761175
2024-04-29,0.17417038744714883
2024-04-30,0.18565987459049024
2024-05-01,0.1849334171615933
2024-05-02,0.18977032266508456
2024-05-03,0.1932136497870451
2024-05-06,0.1982804147489185
2024-05-07,0.19861795133053686
2024-05-08,0.19769626256133344
2024-05-09,0.1926120642240698
2024-05-10,0.1794123301235988
2024-05-13,0.1659605541657911
2024-05-14,0.16783499999272875
2024-05-15,0.16569042978844675
2024-05-16,0.1660516602661576
2024-05-17,0.14592274369452102
2024-05-20,0.14950770678521028
2024-05-21,0.14694746929804703
2024-05-22,0.1511006551939802
2024-05-23,0.14928061588434896
2024-05-24,0.14308682967185787
2024-05-28,0.1410751248028519
2024-05-29,0.1152107221632565
2024-05-30,0.12381544658160751
2024-05-31,0.1178315263003162
2024-06-03,0.10962570090326254
2024-06-04,0.10169862758808561
2024-06-05,0.10737112922583247
2024-06-06,0.1071685683877429
2024-06-07,0.108695339575674
2024-06-10,0.10801804060504779
2024-06-11,0.10826547213744876
2024-06-12,0.10805953711834668
2024-06-13,0.10546853619597747
2024-06-14,0.10510319667916602
2024-06-17,0.10661919886589828
2024-06-18,0.104929847994965
2024-06-20,0.1010328413521485
2024-06-21,0.09652455679357931
2024-06-24,0.09552787548693738
2024-06-25,0.09982348119682291
2024-06-26,0.10328260680778127
2024-06-27,0.0976724898249305
2024-06-28,0.08838733572257378
2024-07-01,0.09411417633796604
2024-07-02,0.10329426956550077
2024-07-03,0.10406167612906791
2024-07-05,0.10210317547412595
2024-07-08,0.1038333516472554
2024-07-09,0.10020715303882213
2024-07-10,0.10232256159409607
2024-07-11,0.15453754293421573
2024-07-12,0.1530314714997818
2024-07-15,0.15360331135255836
2024-07-16,0.15267991190133848
2024-07-17,0.16854781617861425
2024-07-18,0.16969573533459106
2024-07-19,0.17490974474295132
2024-07-22,0.17816409867766023
2024-07-23,0.1777647083712074
2024-07-24,0.22710856127071918
2024-07-25,0.2244158176651439
2024-07-26,0.2265136649814327
2024-07-29,0.22668823416083408
2024-07-30,0.2231051759357762
2024-07-31,0.2301109900405222
2024-08-01,0.23388945513887238
2024-08-02,0.2399601292984355
2024-08-05,0.2684910562747939
2024-08-06,0.27155750240611404
2024-08-07,0.26446206166530484
2024-08-08,0.27277571796843764
2024-08-09,0.2742308956592874
2024-08-12,0.27278417463869864
2024-08-13,0.2861108496030245
2024-08-14,0.28135137060697696
2024-08-15,0.2923541457184469
2024-08-16,0.2904277553667383
2024-08-19,0.2898796596177175
2024-08-20,0.2903630613387906
2024-08-21,0.25133438197692404
2024-08-22,0.25671234785354574
2024-08-23,0.2592118120511428
2024-08-26,0.2600180894136646
2024-08-27,0.25854728307221914
2024-08-28,0.24866502042126304
2024-08-29,0.2405406408109428
2024-08-30,0.22739796864900014
2024-09-03,0.20190905782673368
2024-09-04,0.20037350614162472
2024-09-05,0.1972886456481764
2024-09-06,0.21191404932447952
2024-09-09,0.21546961641846185
2024-09-10,0.21519551341378723
2024-09-11,0.20830026052474632
2024-09-12,0.2115497514632115
2024-09-13,0.19821867359050585
2024-09-16,0.19827408238531574
2024-09-17,0.1930758407664284
2024-09-18,0.19239302548954082
2024-09-19,0.2135984803682566
2024-09-20,0.2065113562200308
2024-09-23,0.20165518073026298
2024-09-24,0.2009889699138388
2024-09-25,0.2003401997327836
2024-09-26,0.19754007162586587
2024-09-27,0.19716194119814126
2024-09-30,0.19445771200572107
2024-10-01,0.17079238198499977
2024-10-02,0.1707154305491863
2024-10-03,0.17015287847252006
2024-10-04,0.1315508947305249
2024-10-07,0.1428570283500362
2024-10-08,0.14412225845922655
2024-10-09,0.13630519780741487
2024-10-10,0.13307878228777914
2024-10-11,0.13399156150838462
2024-10-14,0.13396468698132
2024-10-15,0.14785374578231206
2024-10-16,0.14761220300520134
2024-10-17,0.11835470565008252
2024-10-18,0.11787341564405204
2024-10-21,0.11667759785922624
2024-10-22,0.11623899087547535
2024-10-23,0.13169780920784926
2024-10-24,0.1516123834523026
2024-10-25,0.15343543683121041
2024-10-28,0.15237184457753206
2024-10-29,0.14736685817977896
2024-10-30,0.14708432694377352
2024-10-31,0.17752447015899975
2024-11-01,0.16922575709444015
2024-11-04,0.16299760345178554
2024-11-05,0.1682362655824331
2024-11-06,0.22993410674139195
2024-11-07,0.23254971844154576
2024-11-08,0.2317602708204999
2024-11-11,0.23160625651957564
2024-11-12,0.22236053852389429
2024-11-13,0.22280484018757873
2024-11-14,0.2272147662208817
2024-11-15,0.23620308721419064
2024-11-18,0.23670826879671153
2024-11-19,0.23718570313565912
2024-11-20,0.22567282851329948
2024-11-21,0.2184756951562468
2024-11-22,0.2178673768957084
2024-11-25,0.21789804481157632
2024-11-26,0.21868180901841042
2024-11-27,0.2205252247807662
2024-11-29,0.1945039993605737
2024-12-02,0.1957447259560522
2024-12-03,0.19180718645276706
2024-12-04,0.18869783499231935
2024-12-05,0.11299917691928242
2024-12-06,0.10619154975472885
2024-12-09,0.1057163796915646
2024-12-10,0.10570370444086294
2024-12-11,0.11262691481517102
2024-12-12,0.11948814084113424
2024-12-13,0.1137214642176682
2024-12-16,0.09665904793462722
2024-12-17,0.09672383846960754
2024-12-18,0.14831687671262309
2024-12-19,0.14831741160199496
2024-12-20,0.1475242914142034
2024-12-23,0.152149831232625
2024-12-24,0.1589562664463722
2024-12-26,0.15880913369366537
2024-12-27,0.1677801741589786
2024-12-30,0.17097128278231477
2024-12-31,0.16970389148418205
2025-01-02,0.169382343598336
2025-01-03,0.18325325825121713
2025-01-06,0.18908088053258956
2025-01-07,0.19739106706340892
2025-01-08,0.19735573915353716
2025-01-10,0.19917154863705827
2025-01-13,0.19321978791834318
2025-01-14,0.19157468345371942
2025-01-15,0.21886069731721683
2025-01-16,0.22764519568429384
2025-01-17,0.23448120581199186
2025-01-21,0.20767267858549426
2025-01-22,0.20858060179747714
2025-01-23,0.20829590495963815
2025-01-24,0.2055887825783204
2025-01-27,0.2091692006010444
2025-01-28,0.22013403704145298
2025-01-29,0.21500597620153736
2025-01-30,0.2107066554128333
2025-01-31,0.2083662492944182
2025-02-03,0.2128331288371319
2025-02-04,0.20623765805745212
2025-02-05,0.203568502862583
2025-02-06,0.19518545535589674
2025-02-07,0.20221437084746838
2025-02-10,0.19842759323996803
2025-02-11,0.19840913496121138
2025-02-12,0.19799301441871148
2025-02-13,0.1778679202276071
2025-02-14,0.16313476993887754
2025-02-18,0.15633255558616335
2025-02-19,0.15563487477403717
2025-02-20,0.15568359385790123
2025-02-21,0.1804708350081845
2025-02-24,0.18328890465455067
2025-02-25,0.18281184463669958
2025-02-26,0.16411701964506975
2025-02-27,0.17424445464113486
2025-02-28,0.1929590846320054
2025-03-03,0.21364052601659012
2025-03-04,0.21229513195871624
2025-03-05,0.20919526389029172
2025-03-06,0.2147627804857342
2025-03-07,0.21383633706687677
2025-03-10,0.2561555238080664
2025-03-11,0.25437406178876887
2025-03-12,0.267572478263815
2025-03-13,0.2711938849613033
2025-03-14,0.2876135047890613
2025-03-17,0.2860270975924333
2025-03-18,0.2883253867484997
2025-03-19,0.2971086114815632
2025-03-20,0.2985278337531503
2025-03-21,0.2943323337367325
2025-03-24,0.31453316741223336
2025-03-25,0.31186762723187456
2025-03-26,0.31890026122422194
2025-03-27,0.31140639541865256
2025-03-28,0.31433801159667996
2025-03-31,0.29876022326926416
2025-04-01,0.30143346487862466
2025-04-02,0.2997105277602626
2025-04-03,0.35732232992148855
2025-04-04,0.4108560174602245
2025-04-07,0.3840779562995619
2025-04-08,0.3850233507502281
2025-04-09,0.5652532301027047
2025-04-10,0.5817187044977268
2025-04-11,0.5779956374927979
2025-04-14,0.5779287378836532
2025-04-15,0.5750977475527698
2025-04-16,0.5801202218360241
2025-04-17,0.5860813738221947
2025-04-21,0.5911674525843507
2025-04-22,0.5903452795873105
2025-04-23,0.5986614550125401
2025-04-24,0.6042074041647507
2025-04-25,0.6094269788563454
2025-04-28,0.6025521381882152
2025-04-29,0.6026168708198614
2025-04-30,0.6013313029134114
2025-05-01,0.6041119685154078
2025-05-02,0.5672636522605996
2025-05-05,0.5190987359027011
2025-05-06,0.5211724295873479
2025-05-07,0.5178493516229221
2025-05-08,0.3246090839526178
2025-05-09,0.2845964207550219
2025-05-12,0.31423064307403276
2025-05-13,0.3140462648849495
2025-05-14,0.31394796076811826
2025-05-15,0.30088739211687326
2025-05-16,0.277986990364866
2025-05-19,0.23737560286921447
2025-05-20,0.22907459604389813
2025-05-21,0.2299572650798903
2025-05-22,0.21974102980591936
2025-05-23,0.21608147196022273
2025-05-27,0.22965613887101252
2025-05-28,0.231184345632572
2025-05-29,0.22777990139993418
2025-05-30,0.22370107101329614
2025-06-02,0.22141537157284705
2025-06-03,0.21759415260326906
2025-06-04,0.21395600395761447
2025-06-05,0.2281994363135643
2025-06-06,0.23634809902391057
2025-06-09,0.2371351687624713
2025-06-10,0.18736136725382455
2025-06-11,0.18732396907533913
2025-06-12,0.18372728800993374
2025-06-13,0.17250875672052163
2025-06-16,0.1742797883325838
2025-06-17,0.1763105992312729
2025-06-18,0.1753357177108351
2025-06-20,0.16582322619528206
2025-06-23,0.1678862372642501
2025-06-24,0.16180534300250782
2025-06-25,0.1409454472817911
2025-06-26,0.14205296257604405
2025-06-27,0.14337976291549553
2025-06-30,0.1414827651237919
2025-07-01,0.14345049540957702
2025-07-02,0.14407532574616408
2025-07-03,0.14542821980988882
2025-07-07,0.13612834509433155
2025-07-08,0.1191788529740451
2025-07-09,0.11799499763469622
2025-07-10,0.11295142613533746
2025-07-11,0.1121609680156606
2025-07-14,0.11272721961247323
2025-07-15,0.11052170556885191
2025-07-16,0.10422613635907606
2025-07-17,0.09990397088017226
2025-07-18,0.10006525182736727
2025-07-21,0.09508606916324412
2025-07-22,0.09260916385599595
2025-07-23,0.09537147975495269
2025-07-24,0.10119033318809442
2025-07-25,0.09671287454122938
2025-07-28,0.09528965932258239
2025-07-29,0.10600395398089957
2025-07-30,0.10396728264281506
2025-07-31,0.10223467253471578
2025-08-01,0.14736429701395523
2025-08-04,0.14712924360611834
2025-08-05,0.14718664459665112
2025-08-06,0.15147193304889447
2025-08-07,0.14970113061272075
2025-08-08,0.15789955632962802
2025-08-11,0.15775975360987454
2025-08-12,0.1626425285047576
2025-08-13,0.16266533231664748
2025-08-14,0.16279127978176197
2025-08-15,0.16393856775779603
2025-08-18,0.1636786314591829
2025-08-19,0.17141478351719816
2025-08-20,0.1721579470908419
2025-08-21,0.1699781762422868
2025-08-22,0.18639636197282655
2025-08-25,0.1854493914114826
2025-08-26,0.17854466187945742
2025-08-27,0.1785407779013111
2025-08-28,0.17855873159622423
2025-08-29,0.13419096892119645
2025-09-02,0.13408460903871197
2025-09-03,0.13719948047396047
2025-09-04,0.13763865730199973
2025-09-05,0.14120290772174945
2025-09-08,0.13384399391350707
2025-09-09,0.1421738404934998
2025-09-10,0.1381302039383973
2025-09-11,0.14144062314619316
2025-09-12,0.14458402473625123
2025-09-15,0.1478461839709685
2025-09-16,0.14762088454563205
2025-09-17,0.13661533173995594
2025-09-18,0.13057158724076673
2025-09-19,0.1289398121470088
2025-09-22,0.1104180911090348
2025-09-23,0.11756163318501796
2025-09-24,0.11750422766210088
2025-09-25,0.12312095333672873
2025-09-26,0.1237852021882669
2025-09-29,0.11893309697672975
2025-09-30,0.11193135300223103
2025-10-01,0.10835881654590329
2025-10-02,0.10492219089664948
2025-10-03,0.10076515925604536
2025-10-06,0.10359728414708236
2025-10-07,0.0980868247072591
2025-10-08,0.09774203852060702
2025-10-09,0.09320038897331677
2025-10-10,0.1539673205804265
2025-10-13,0.16511437863115272
2025-10-14,0.1684323264046613
2025-10-15,0.16985462042629704
2025-10-16,0.17168609810913577
2025-10-17,0.17099373901481177
2025-10-20,0.17890627546453283
2025-10-21,0.17700168405962613
2025-10-22,0.17736632126381335
2025-10-23,0.17700684851249374
2025-10-24,0.1772890573663712
2025-10-27,0.18985763886505508
2025-10-28,0.19151865288635894
2025-10-29,0.19165591789793723
2025-10-30,0.21473563205936744
2025-10-31,0.2156646418077192
2025-11-03,0.2136206464548715
2025-11-04,0.22039531856410513
2025-11-05,0.21986217844775427
2025-11-06,0.22724104988077157
2025-11-07,0.18868669278140615
2025-11-10,0.18708647977186244
2025-11-11,0.18237777182763895
2025-11-12,0.18328289517798355
2025-11-13,0.20032068324463814
2025-11-14,0.19899596841685896
2025-11-17,0.19153923391288327
2025-11-18,0.19742895726477971
2025-11-19,0.19769242020171546
2025-11-20,0.1996475976959208
2025-11-21,0.19955296969754152
2025-11-24,0.2014999939767259
2025-11-25,0.20073373714638815
2025-11-26,0.2016273682630645
2025-11-28,0.1844114011265282
2025-12-01,0.18247451557511904
2025-12-02,0.18218452603879406
2025-12-03,0.17523674361856031
2025-12-04,0.1749760564487525
2025-12-05,0.1648292247793515
2025-12-08,0.16693747293477507
2025-12-09,0.15155501559081905
2025-12-10,0.15307871760397843
2025-12-11,0.1520434830651388
2025-12-12,0.12764474011529542
2025-12-15,0.12704593077256998
2025-12-16,0.12523283714171343
2025-12-17,0.12350150600541226
2025-12-18,0.1282263558298075
2025-12-19,0.11654609525162808
2025-12-22,0.11604782518708881
2025-12-23,0.09675418601067495
2025-12-24,0.09421176282085619
2025-12-26,0.09349073865689805
2025-12-29,0.09459506470971016
2025-12-30,0.0934110172767184
2025-12-31,0.0966136308540134
2026-01-02,0.09399045856554926
2026-01-05,0.1028954810508295
2026-01-06,0.10382257203920632
2026-01-07,0.10214225886970395
2026-01-08,0.10341909236610188
2026-01-09,0.10302055477952426
2026-01-12,0.10399924399721379
2026-01-13,0.10630985853324545
2026-01-14,0.11150860521281107
2026-01-15,0.1116747098627262
2026-01-16,0.10022828244712353
2026-01-20,0.12258351080980638
2026-01-21,0.12871643571327374
2026-01-22,0.1409986235347048
2026-01-23,0.13978532686059544
2026-01-26,0.13996038647937029
2026-01-27,0.14855618549593982
2026-01-28,0.14833286056741216
2026-01-29,0.14830011481674965
2026-01-30,0.14704000593573568
2026-02-02,0.14721480433633727
2026-02-03,0.14079266205105148
2026-02-04,0.1452838261951783
2026-02-05,0.1588824700037605
2026-02-06,0.16549902485442367
2026-02-09,0.16806919654373598
2026-02-10,0.16836460025661742
2026-02-11,0.16707338981914957
2026-02-12,0.1772999495997763
2026-02-13,0.17706936155787528
2026-02-17,0.1772591964993533
2026-02-18,0.16407457097221567
2026-02-19,0.15682999848818047
2026-02-20,0.14707211345697477
2026-02-23,0.15119746360980046
2026-02-24,0.1516855719863985
2026-02-25,0.15993629484343477
2026-02-26,0.16044838271323458
2026-02-27,0.16119565271617156
2026-03-02,0.16268754542922623
2026-03-03,0.16339055017729626
2026-03-04,0.16816087226431148
2026-03-05,0.16420038284098953
2026-03-06,0.15724202000008
2026-03-09,0.15195230486707043
2026-03-10,0.14742360789098208
2026-03-11,0.14879794164293256
2026-03-12,0.1586634148951854
2026-03-13,0.14623744251174842
2026-03-16,0.15353600299490297
2026-03-17,0.15473297579307005
2026-03-18,0.15721355732447123
2026-03-19,0.15944127286918944
2026-03-20,0.1627111714873046
2026-03-23,0.1619261193025567
2026-03-24,0.1612014591718201
2026-03-25,0.1483679970678497
2026-03-26,0.16555959963229921
2026-03-27,0.17945255684861475
2026-03-30,0.17793818667694258
2026-03-31,0.2289887458125899
2026-04-01,0.2267303562016235
2026-04-02,0.22686287124867047
2026-04-06,0.22346041288922147
2026-04-07,0.2242498642055495
2026-04-08,0.23187738530050184
2026-04-09,0.23433169408237256
2026-04-10,0.22614379135262203
2026-04-13,0.2263878712963511
2026-04-14,0.2302624095242159
2026-04-15,0.2356521178332349
2026-04-16,0.22885365027155286
2026-04-17,0.22548796600599863
2026-04-20,0.21483100798610966
2026-04-21,0.2141056880374751
2026-04-22,0.2135326581302213
2026-04-23,0.2215190945751642
2026-04-24,0.1948032111428917
2026-04-27,0.16123670431446954
2026-04-28,0.16005702284596962
2026-04-29,0.12104437670764058
2026-04-30,0.12605296397811547
2026-05-01,0.12030209070647814
2026-05-04,0.12254245723625891
2026-05-05,0.12342563031557163
2026-05-06,0.1207359282187072
2026-05-07,0.11958781018130797
2026-05-08,0.11917291141745179
2026-05-11,0.11732570486066513
2026-05-12,0.10669904142772255
2026-05-13,0.10278927078243931
2026-05-14,0.10271177440913773
2026-05-15,0.1059140710544507
2026-05-18,0.10501367072270859
2026-05-19,0.11473014575019558
2026-05-20,0.10690801233797552
2026-05-21,0.0956850484406159
2026-05-22,0.08968424204733237
2026-05-26,0.09151121278370676
2026-05-27,0.09205804066267732
2026-05-28,0.09226765359081639
2026-05-29,0.09164860902529036
2026-06-01,0.09490823545445974
2026-06-02,0.09778392473394293
2026-06-03,0.10104114509827775
2026-06-04,0.1049342577630308
2026-06-05,0.1442723839546449
2026-06-08,0.14248174087187268
2026-06-09,0.14484865624568968
2026-06-10,0.15484243616675308
2026-06-11,0.14643501980095885
2026-06-12,0.14600916615852733
2026-06-15,0.1589227608949849
2026-06-16,0.159107052889944
2026-06-17,0.17301373611700935
2026-06-18,0.17316675609048585
2026-06-22,0.17652370690931132
2026-06-23,0.17654887913438316
2026-06-24,0.17775413897911235
2026-06-25,0.17935032200841394
2026-06-26,0.18455649004251923
2026-06-29,0.19696796331338823
2026-06-30,0.20026179397697977
2026-07-01,0.2145870952640177
2026-07-02,0.2150645700079879
2026-07-06,0.21210409820892515
2026-07-07,0.19043652633983954
2026-07-08,0.19204068602185403
2026-07-09,0.1915736306638932
2026-07-10,0.1808699395258097
2026-07-13,0.1809969294284336
2026-07-14,0.18183715755671273
2026-07-15,0.18107166692498872
2026-07-16,0.1844863179706633
2026-07-17,0.16997042810880522
2026-07-20,0.16949529533961766
2026-07-21,0.16349999581352195
2026-07-22,0.161626652769836
2026-07-23,0.20915532517136937
2026-07-24,0.2009561244158951
